x y z
165.300260 352.625502 1.500000
-8.563016 96.843370 1.500000
204.072529 160.323751 1.500000
126.902837 115.320183 1.500000
-187.450750 73.777290 1.500000
275.377697 269.906073 1.500000
161.488154 156.718737 1.500000
175.669229 106.035554 1.500000
-169.544002 354.207059 1.500000
1.178751 311.825460 1.500000
-43.677487 320.956127 1.500000
246.887212 44.053028 1.500000
91.877575 370.986781 1.500000
195.986326 243.364434 1.500000
-5.223703 219.781707 1.500000
-120.181687 33.025139 1.500000
49.725603 369.024946 1.500000
-203.826409 229.289512 1.500000
194.845134 335.216521 1.500000
92.288149 272.354998 1.500000
158.816900 323.704077 1.500000
-52.241599 283.483944 1.500000
267.531361 374.749036 1.500000
231.801307 112.572505 1.500000
167.512983 103.301250 1.500000
-139.869123 295.896141 1.500000
8.163261 210.909320 1.500000
-220.249049 250.686790 1.500000
-156.415320 292.448127 1.500000
119.762312 232.785765 1.500000
147.020789 318.763717 1.500000
273.391253 143.762914 1.500000
-67.778429 348.689618 1.500000
-44.015686 70.170029 1.500000
10.022502 266.037095 1.500000
-136.035949 364.794298 1.500000
-171.298394 121.252961 1.500000
12.091681 149.550372 1.500000
-119.699605 142.986389 1.500000
111.458099 238.450191 1.500000
-14.818273 180.081572 1.500000
198.920128 62.632391 1.500000
132.663625 360.370804 1.500000
-74.048566 106.041655 1.500000
194.852703 231.394295 1.500000
186.864322 248.166561 1.500000
-37.161893 36.584935 1.500000
-94.736933 65.268414 1.500000
122.220394 392.658342 1.500000
-169.559153 272.702188 1.500000
-129.693822 29.746717 1.500000
-233.016189 322.703359 1.500000
173.491156 216.604119 1.500000
111.250450 51.306915 1.500000
138.379786 284.936216 1.500000
173.911179 212.093200 1.500000
2.110740 103.661897 1.500000
67.914103 364.167865 1.500000
-166.346820 136.544722 1.500000
-178.263462 133.275621 1.500000
108.934801 128.904970 1.500000
2.788021 317.526954 1.500000
56.536929 294.050795 1.500000
162.740519 363.620721 1.500000
94.987858 111.589503 1.500000
47.000858 320.640469 1.500000
56.206614 241.441834 1.500000
-82.723132 148.188645 1.500000
-222.278095 41.642956 1.500000
-7.492073 334.676467 1.500000
-128.491709 120.975808 1.500000
-28.036721 264.965250 1.500000
213.823132 228.268415 1.500000
-114.491305 33.103743 1.500000
-209.170704 400.514494 1.500000
-87.713433 326.408101 1.500000
-85.437389 204.880204 1.500000
106.465185 286.088841 1.500000
50.073800 201.208417 1.500000
172.257124 310.953132 1.500000
111.904501 77.277624 1.500000
-22.104169 196.708319 1.500000
188.517897 152.055032 1.500000
-148.745281 201.148155 1.500000
-229.016814 197.068878 1.500000
-195.249697 80.220631 1.500000
136.246010 391.061758 1.500000
1.437365 33.346946 1.500000
-159.193702 26.435804 1.500000
29.616110 169.897631 1.500000
-158.789347 260.709234 1.500000
126.162084 95.499905 1.500000
-0.158917 219.427813 1.500000
-43.541589 295.311278 1.500000
-81.927625 60.349116 1.500000
97.662571 399.267615 1.500000
-50.185039 150.435273 1.500000
-186.827577 276.063903 1.500000
-175.821200 67.351658 1.500000
270.259449 290.636100 1.500000
242.261658 342.457108 1.500000
128.237709 63.241613 1.500000
-101.755309 70.292726 1.500000
269.829409 135.333267 1.500000
166.908382 32.471491 1.500000
137.086182 399.408580 1.500000
-3.649788 255.664491 1.500000
-91.866731 256.761715 1.500000
-187.783850 384.454034 1.500000
242.195762 341.969283 1.500000
-6.736215 329.763770 1.500000
-137.393882 152.884938 1.500000
-80.241075 152.434497 1.500000
69.243604 135.885686 1.500000
-147.551313 151.655101 1.500000
206.480207 162.719004 1.500000
158.476937 79.104660 1.500000
135.046480 158.681658 1.500000
-16.913604 198.094590 1.500000
96.093610 146.852759 1.500000
66.280989 85.357297 1.500000
102.488343 167.270744 1.500000
-196.135435 212.331585 1.500000
-22.065667 297.516052 1.500000
-220.939314 293.122853 1.500000
18.940003 105.367331 1.500000
-65.571599 39.420498 1.500000
-159.953611 144.683169 1.500000
-183.027798 83.841435 1.500000
65.546787 174.097059 1.500000
-147.512199 397.704920 1.500000
248.395426 94.943131 1.500000
63.862004 146.873987 1.500000
-57.077744 293.842797 1.500000
72.643805 217.173781 1.500000
-228.184492 45.574704 1.500000
266.023873 84.989831 1.500000
11.126729 380.826227 1.500000
177.946417 66.099810 1.500000
-202.547438 265.062470 1.500000
17.743075 328.961121 1.500000
19.242443 125.401465 1.500000
255.591000 298.746672 1.500000
58.694855 89.798259 1.500000
12.580383 133.936691 1.500000
-100.032188 146.193338 1.500000
-69.242375 397.353796 1.500000
30.641990 109.864714 1.500000
-8.767011 75.309775 1.500000
-233.742991 376.785989 1.500000
200.312913 94.607169 1.500000
234.861550 356.106682 1.500000
-160.980891 267.774832 1.500000
56.665030 244.308536 1.500000
-184.201068 310.505459 1.500000
111.156660 302.518845 1.500000
-100.231104 66.453515 1.500000
105.794354 400.422899 1.500000
147.903531 376.626520 1.500000
162.063659 360.060257 1.500000
-184.214840 259.590867 1.500000
240.507621 223.010314 1.500000
-117.947458 234.635830 1.500000
-216.772277 26.984480 1.500000
47.313127 215.581441 1.500000
-48.997729 259.218594 1.500000
201.213730 275.224884 1.500000
187.607794 149.885898 1.500000
-74.062924 207.063896 1.500000
266.723084 269.207913 1.500000
-91.191801 187.429987 1.500000
33.762218 393.168803 1.500000
-105.712776 294.441020 1.500000
254.542667 31.093273 1.500000
-160.791929 35.075273 1.500000
-217.463039 289.312459 1.500000
-8.939970 179.565559 1.500000
282.205903 340.037502 1.500000
233.118994 98.146469 1.500000
157.656841 28.386490 1.500000
226.011355 171.309772 1.500000
232.757096 298.001321 1.500000
29.992887 389.927179 1.500000
-73.760020 356.306533 1.500000
168.288077 206.765440 1.500000
105.686404 333.506267 1.500000
-41.152727 54.550883 1.500000
-192.093365 238.978076 1.500000
151.291488 372.230163 1.500000
-99.966645 178.996105 1.500000
250.620493 393.200968 1.500000
-116.066924 113.330890 1.500000
-172.551416 61.286797 1.500000
197.776394 227.670726 1.500000
-163.957481 373.737280 1.500000
-143.341140 138.600151 1.500000
74.167287 331.087111 1.500000
216.128622 90.844429 1.500000
-144.387637 306.294744 1.500000
-74.164455 236.574436 1.500000
166.580386 93.690721 1.500000
267.840108 300.396602 1.500000
25.345868 298.610444 1.500000
-162.122249 216.068401 1.500000
-235.357956 109.418603 1.500000
-116.628428 76.548768 1.500000
-164.735597 391.729875 1.500000
120.658873 265.283826 1.500000
-172.589182 329.427182 1.500000
27.313917 284.385959 1.500000
124.033755 334.772584 1.500000
65.597727 90.599811 1.500000
-133.783604 212.030622 1.500000
179.462191 270.726281 1.500000
134.194724 64.905241 1.500000
144.638729 89.028944 1.500000
-170.597398 259.823356 1.500000
-174.901148 355.257433 1.500000
246.297536 279.903504 1.500000
-28.451912 39.925111 1.500000
-84.946767 397.761040 1.500000
14.954386 77.005624 1.500000
111.167486 118.374822 1.500000
265.823076 397.314849 1.500000
-91.839312 316.769774 1.500000
247.501057 374.762510 1.500000
-229.579275 327.266927 1.500000
51.520771 264.897620 1.500000
94.040095 135.403256 1.500000
-182.875063 150.987923 1.500000
-165.461072 383.490122 1.500000
-18.749776 350.246846 1.500000
265.389239 165.920909 1.500000
74.792451 167.931017 1.500000
252.785264 136.906951 1.500000
185.426048 149.723708 1.500000
3.696950 356.773267 1.500000
175.783043 32.260012 1.500000
-234.893767 189.517705 1.500000
-184.138475 381.449842 1.500000
195.737089 232.225399 1.500000
175.598309 194.845799 1.500000
-118.666287 142.570166 1.500000
39.909554 54.243138 1.500000
73.403720 115.552308 1.500000
215.559538 62.882473 1.500000
72.103696 72.932171 1.500000
-16.891038 90.636012 1.500000
-42.598796 140.229524 1.500000
-15.626856 31.619315 1.500000
103.763074 385.095468 1.500000
218.426362 66.745025 1.500000
1.686904 161.617446 1.500000
-114.478842 358.414808 1.500000
-111.745233 64.019085 1.500000
156.362651 203.681350 1.500000
189.590684 342.181612 1.500000
-185.238577 239.005589 1.500000
-214.586010 106.741195 1.500000
69.048166 305.801730 1.500000
-161.784330 284.441634 1.500000
197.655840 160.106959 1.500000
-74.682392 46.203831 1.500000
-164.780237 31.155482 1.500000
250.560905 336.991124 1.500000
-150.128279 147.736076 1.500000
-91.542859 80.708163 1.500000
-152.875449 219.514564 1.500000
-182.791734 376.557576 1.500000
-233.613392 31.325645 1.500000
-212.421386 47.590643 1.500000
-150.621170 188.121381 1.500000
-213.313463 277.174647 1.500000
73.441485 204.392066 1.500000
118.126614 362.476269 1.500000
-33.017769 44.115782 1.500000
-72.659440 158.106802 1.500000
18.484458 155.831941 1.500000
216.025179 164.470918 1.500000
206.839766 208.148343 1.500000
-219.965895 325.311246 1.500000
-145.428722 146.183416 1.500000
-111.419920 307.005106 1.500000
-109.196113 79.228966 1.500000
56.592510 240.851452 1.500000
-23.450796 165.161643 1.500000
-209.261264 224.238144 1.500000
-38.938985 63.656828 1.500000
37.336730 389.920725 1.500000
-191.469392 371.538607 1.500000
199.606830 331.699834 1.500000
-211.815596 365.169106 1.500000
246.899164 75.744175 1.500000
-189.839803 216.095292 1.500000
202.927331 142.562101 1.500000
233.215496 363.367372 1.500000
272.215704 99.456892 1.500000
186.227229 112.223232 1.500000
172.898877 284.220670 1.500000
97.235467 59.348409 1.500000
171.055006 297.805051 1.500000
-168.293151 124.342140 1.500000
49.064716 278.241560 1.500000
33.146838 356.392180 1.500000
213.892549 256.376319 1.500000
3.555762 110.335539 1.500000
-38.795099 41.054975 1.500000
100.700275 45.401372 1.500000
-98.021308 56.351862 1.500000
-169.203247 249.274379 1.500000
12.745702 159.235412 1.500000
-18.229097 120.902484 1.500000
-124.118941 106.938933 1.500000
-49.518027 390.292387 1.500000
-46.252195 77.187129 1.500000
-73.602794 142.543982 1.500000
-45.753406 207.556946 1.500000
120.066096 26.435804 1.500000
-82.483372 369.533644 1.500000
261.086345 66.151486 1.500000
247.095610 280.749890 1.500000
13.228607 267.246582 1.500000
-68.491392 334.336354 1.500000
37.780425 272.505238 1.500000
205.487471 316.785405 1.500000
105.535156 188.078972 1.500000
185.633694 211.343982 1.500000
41.067545 289.523461 1.500000
94.692899 236.006418 1.500000
-84.722564 221.998087 1.500000
146.992946 104.964557 1.500000
-129.619078 131.926622 1.500000
123.467145 161.186281 1.500000
212.826008 30.839140 1.500000
-172.194959 184.624161 1.500000
85.664843 29.430898 1.500000
-193.289384 236.364345 1.500000
140.967571 291.396673 1.500000
-201.409838 240.668097 1.500000
254.451515 286.671591 1.500000
-164.217633 28.811330 1.500000
267.484371 49.116466 1.500000
183.965756 290.737216 1.500000
74.902404 332.324453 1.500000
174.008468 296.096503 1.500000
180.332064 271.822721 1.500000
260.018577 292.092639 1.500000
-108.835037 302.546777 1.500000
69.884106 292.916040 1.500000
-190.059721 304.107700 1.500000
83.220366 54.914530 1.500000
-154.808877 53.331122 1.500000
53.544925 159.043998 1.500000
61.879916 225.435732 1.500000
7.837260 317.082295 1.500000
34.986546 150.789108 1.500000
170.353258 131.675162 1.500000
177.905001 325.583750 1.500000
20.238776 114.768397 1.500000
79.371658 336.447082 1.500000
253.387806 96.646877 1.500000
-175.302756 160.789620 1.500000
-175.442558 181.672651 1.500000
-193.970708 141.157621 1.500000
111.180315 33.008353 1.500000
-15.986331 116.894477 1.500000
164.979266 159.180263 1.500000
114.198030 145.471565 1.500000
-69.235901 318.234299 1.500000
237.442044 42.385221 1.500000
161.998650 175.999515 1.500000
-93.787079 43.563139 1.500000
-48.827638 376.058948 1.500000
-80.275237 329.503628 1.500000
-149.403599 395.333079 1.500000
-162.099477 370.659657 1.500000
249.766601 146.698541 1.500000
-6.234499 282.949010 1.500000
-32.316430 141.576668 1.500000
143.416791 368.146869 1.500000
50.653591 178.390786 1.500000
253.487962 169.900040 1.500000
167.353041 367.282718 1.500000
10.098163 338.819830 1.500000
-36.744585 386.220168 1.500000
278.973614 54.303650 1.500000
135.229696 115.482169 1.500000
259.347741 143.564938 1.500000
-174.710562 184.686150 1.500000
201.753041 205.037727 1.500000
96.004810 137.461349 1.500000
-168.728725 319.330871 1.500000
75.620298 111.138026 1.500000
122.783043 289.848608 1.500000
-229.907819 350.698684 1.500000
2.894722 250.957453 1.500000
194.063761 157.388798 1.500000
-81.982939 99.189043 1.500000
6.568206 81.278305 1.500000
-11.140059 304.972936 1.500000
-79.567483 199.442140 1.500000
244.535786 42.933199 1.500000
171.518267 393.987045 1.500000
-182.041276 280.494637 1.500000
285.545080 341.181734 1.500000
223.727435 194.410778 1.500000
-87.433067 386.966860 1.500000
201.926938 104.604893 1.500000
-184.814761 88.902679 1.500000
283.420715 356.531322 1.500000
108.894289 366.204486 1.500000
102.899037 212.247162 1.500000
-194.816173 69.417674 1.500000
235.012073 140.796192 1.500000
-223.771938 311.235828 1.500000
-110.050906 344.628741 1.500000
-166.917318 158.793922 1.500000
166.331452 50.498717 1.500000
-132.525404 278.041199 1.500000
239.730642 309.033568 1.500000
104.744350 186.110484 1.500000
-219.192905 245.945409 1.500000
-235.493071 400.765873 1.500000
-216.894084 120.379493 1.500000
82.987225 239.555619 1.500000
180.611456 256.295127 1.500000
-109.579914 234.587377 1.500000
203.087578 352.057755 1.500000
-209.238481 252.711619 1.500000
181.012980 213.572690 1.500000
242.452627 64.124584 1.500000
168.344867 290.197369 1.500000
121.625482 76.579667 1.500000
200.193200 33.157869 1.500000
-215.875073 214.588616 1.500000
-135.639035 238.923541 1.500000
-177.245281 403.114324 1.500000
27.825007 296.010017 1.500000
151.441446 352.610556 1.500000
90.305754 158.532256 1.500000
211.820400 213.794205 1.500000
-162.081029 396.585106 1.500000
145.244995 188.749852 1.500000
-136.053704 325.208130 1.500000
-101.411348 226.481993 1.500000
138.930507 113.378367 1.500000
275.334398 244.428553 1.500000
84.416377 101.309222 1.500000
-209.012255 26.688132 1.500000
83.846085 113.549558 1.500000
-219.466480 103.778264 1.500000
225.256964 165.888070 1.500000
135.570580 359.914237 1.500000
-152.101825 170.772188 1.500000
-195.633350 345.777072 1.500000
-139.208911 235.893899 1.500000
273.686821 26.934264 1.500000
2.271325 98.320931 1.500000
172.070166 375.556475 1.500000
94.416689 246.238184 1.500000
65.472011 378.580208 1.500000
-164.145779 144.970906 1.500000
256.909984 296.948678 1.500000
-82.414604 315.913696 1.500000
62.622406 393.744706 1.500000
126.258876 35.740342 1.500000
100.147411 383.227674 1.500000
260.109819 176.518365 1.500000
-160.012930 337.665000 1.500000
26.401453 232.121948 1.500000
-24.567643 239.204431 1.500000
4.669046 164.813790 1.500000
-173.412757 335.746845 1.500000
-165.817826 123.454615 1.500000
-87.152385 207.669078 1.500000
-76.799886 235.741302 1.500000
-13.628013 306.893805 1.500000
85.373312 198.697174 1.500000
92.075652 281.355022 1.500000
-24.602588 211.068037 1.500000
-25.203959 274.479088 1.500000
-121.595188 280.596788 1.500000
66.984890 289.148904 1.500000
-76.222580 336.255015 1.500000
-220.633463 230.200435 1.500000
-17.792916 98.748347 1.500000
7.302394 282.900316 1.500000
-119.495365 54.557153 1.500000
65.309629 107.543345 1.500000
61.283951 321.705217 1.500000
130.501696 193.240767 1.500000
100.697258 210.358369 1.500000
108.538170 398.840855 1.500000
-73.725678 120.459819 1.500000
177.263125 37.105210 1.500000
54.798871 69.915568 1.500000
-10.582397 119.283629 1.500000
86.422996 299.490971 1.500000
-54.078527 315.967250 1.500000
28.854745 238.681852 1.500000
149.850375 124.230931 1.500000
227.909181 224.133914 1.500000
251.450216 34.436161 1.500000
26.256051 286.914590 1.500000
32.734826 257.353127 1.500000
177.593846 35.221646 1.500000
-71.159480 328.489323 1.500000
200.735096 320.770775 1.500000
15.432935 141.295521 1.500000
-179.243312 267.723618 1.500000
-205.367666 251.761702 1.500000
201.905130 79.055503 1.500000
-211.048625 98.521426 1.500000
-95.241142 280.049524 1.500000
-65.797574 370.644019 1.500000
-151.445179 246.988799 1.500000
-77.146228 241.955927 1.500000
147.851402 267.279343 1.500000
-234.051693 193.747917 1.500000
192.691630 49.313051 1.500000
212.608537 173.711225 1.500000
-43.646530 366.777018 1.500000
-155.837896 332.662384 1.500000
81.815000 371.461285 1.500000
-175.268131 85.604413 1.500000
-46.767677 218.112385 1.500000
266.735660 252.331692 1.500000
285.422742 107.181340 1.500000
166.518993 100.904333 1.500000
-76.626694 320.125245 1.500000
118.824728 285.578171 1.500000
133.751729 269.152896 1.500000
-36.135991 128.762683 1.500000
101.598835 216.609819 1.500000
-231.941391 38.369546 1.500000
-132.094389 78.775701 1.500000
39.992568 221.581769 1.500000
-161.763866 141.862415 1.500000
-147.155521 388.891035 1.500000
196.170070 198.852191 1.500000
282.173212 58.214303 1.500000
53.801365 33.397821 1.500000
205.013251 297.176471 1.500000
280.327912 85.534275 1.500000
-172.188553 97.799545 1.500000
-5.206228 187.072750 1.500000
-34.207530 127.085691 1.500000
-204.319226 255.717331 1.500000
157.668433 210.576058 1.500000
-15.072188 67.881104 1.500000
8.827469 324.624289 1.500000
-161.708886 183.923224 1.500000
-139.151247 259.974581 1.500000
236.710393 32.450755 1.500000
-215.527516 262.735478 1.500000
-118.321938 134.190291 1.500000
-91.365238 215.006322 1.500000
17.259660 135.503654 1.500000
70.832445 400.247033 1.500000
21.308707 113.941819 1.500000
-196.909662 376.371091 1.500000
-116.356105 368.625798 1.500000
205.955676 189.930880 1.500000
96.770499 140.367568 1.500000
104.131682 169.860399 1.500000
111.869408 402.752721 1.500000
156.468188 265.587400 1.500000
-208.127679 232.911355 1.500000
-47.254174 43.459539 1.500000
48.033354 343.039139 1.500000
-61.969550 56.415114 1.500000
204.354964 40.071942 1.500000
15.109079 128.422177 1.500000
162.745934 207.350856 1.500000
206.525882 364.308361 1.500000
25.267467 329.222825 1.500000
236.007520 107.043721 1.500000
68.242459 166.180657 1.500000
213.362787 318.296499 1.500000
-57.803600 228.460315 1.500000
23.338188 95.955841 1.500000
44.238027 176.945036 1.500000
-187.514242 264.329060 1.500000
-22.928871 394.676469 1.500000
241.488203 272.759919 1.500000
97.964494 28.880459 1.500000
-140.837843 291.844573 1.500000
-67.105186 120.328442 1.500000
-135.009488 352.023379 1.500000
-228.113733 170.645212 1.500000
246.497980 96.516707 1.500000
-2.670617 196.364878 1.500000
-81.367338 124.775690 1.500000
76.416057 113.276322 1.500000
-239.307078 241.674838 1.500000
-93.358298 313.804738 1.500000
133.991134 338.206035 1.500000
94.659975 173.409947 1.500000
275.748977 54.658856 1.500000
88.059854 208.021339 1.500000
6.969027 191.736262 1.500000
158.230168 102.940797 1.500000
234.199243 364.944032 1.500000
141.649303 395.782657 1.500000
268.250984 45.970785 1.500000
173.188863 330.267819 1.500000
216.167620 272.133611 1.500000
-182.597602 127.782556 1.500000
149.925321 262.869918 1.500000
-10.614396 75.682662 1.500000
52.266766 47.074675 1.500000
103.874316 403.114324 1.500000
272.201166 264.272680 1.500000
276.472112 120.365221 1.500000
-85.355424 191.851839 1.500000
150.301646 384.204800 1.500000
157.689949 190.889357 1.500000
-57.349714 371.082011 1.500000
-176.394598 356.275273 1.500000
-210.302450 154.528142 1.500000
166.152761 283.608747 1.500000
20.255272 268.380391 1.500000
279.793707 313.855990 1.500000
4.399409 160.279810 1.500000
275.335328 47.158011 1.500000
-25.070715 90.427771 1.500000
179.015375 258.730313 1.500000
-194.708587 315.552630 1.500000
60.284636 311.679182 1.500000
185.359592 242.034900 1.500000
248.296341 58.097477 1.500000
194.684445 35.438800 1.500000
-215.344651 319.955505 1.500000
-46.928036 234.705038 1.500000
-215.233877 315.336046 1.500000
-188.494590 81.583466 1.500000
117.055739 180.885137 1.500000
137.915441 375.808188 1.500000
164.232713 90.358379 1.500000
219.846587 56.047292 1.500000
147.001041 268.252737 1.500000
180.493840 248.344922 1.500000
-214.187267 385.465521 1.500000
-112.013686 369.276112 1.500000
84.672256 306.978426 1.500000
212.553359 30.474129 1.500000
-235.642629 209.248045 1.500000
32.448652 364.377877 1.500000
118.239518 188.748991 1.500000
-222.457452 390.351874 1.500000
-30.587853 271.804967 1.500000
236.501113 67.246726 1.500000
113.100778 217.737925 1.500000
-115.882668 285.996664 1.500000
212.907451 48.290661 1.500000
-58.903854 154.680773 1.500000
210.122255 296.641051 1.500000
-85.037624 79.987392 1.500000
78.171108 160.482195 1.500000
-24.323579 286.365527 1.500000
-95.904307 315.370135 1.500000
228.215870 226.597845 1.500000
-141.507077 386.988859 1.500000
-196.708905 370.982616 1.500000
-59.868794 209.484536 1.500000
137.556780 90.872336 1.500000
180.414727 314.856179 1.500000
286.412063 117.052319 1.500000
-84.355852 342.535727 1.500000
-24.517703 241.932059 1.500000
-168.499576 175.856237 1.500000
61.394985 238.548900 1.500000
286.412063 229.104089 1.500000
130.450644 374.861065 1.500000
77.378712 110.008237 1.500000
-32.173112 372.647119 1.500000
241.202895 43.696146 1.500000
23.263364 313.861912 1.500000
-175.501697 370.872012 1.500000
-41.563567 173.141153 1.500000
-204.134422 52.014203 1.500000
-127.391828 328.958607 1.500000
-233.638593 343.230556 1.500000
-4.925483 153.485659 1.500000
95.003777 219.322664 1.500000
-58.420795 331.845228 1.500000
-17.886899 95.502986 1.500000
265.483040 265.554885 1.500000
153.874374 190.805334 1.500000
40.102392 92.117111 1.500000
-89.606325 337.672380 1.500000
228.307387 149.669499 1.500000
-120.631278 375.751109 1.500000
-70.105310 240.844593 1.500000
239.803963 219.785216 1.500000
44.561785 193.775786 1.500000
153.615912 173.678764 1.500000
75.136681 326.544200 1.500000
105.822274 279.723080 1.500000
-81.536978 312.721663 1.500000
-105.677563 182.869077 1.500000
-74.433419 121.020778 1.500000
-159.698484 56.442564 1.500000
219.201660 315.790704 1.500000
-88.456689 185.750370 1.500000
52.490427 218.103805 1.500000
179.124954 206.453678 1.500000
174.280439 188.957618 1.500000
-6.977734 286.831854 1.500000
12.916455 254.826435 1.500000
286.412063 397.371247 1.500000
114.858771 80.170827 1.500000
190.363402 240.128747 1.500000
232.872753 52.114464 1.500000
171.630699 330.842614 1.500000
-137.499941 257.979522 1.500000
53.349296 188.084966 1.500000
-184.740934 330.874492 1.500000
105.182045 191.472975 1.500000
266.417332 111.185112 1.500000
24.769249 206.464704 1.500000
-9.595854 53.861302 1.500000
-221.631521 361.261655 1.500000
263.423579 294.668836 1.500000
-186.833407 317.933209 1.500000
-215.588872 355.277402 1.500000
-108.528360 329.146344 1.500000
-206.203219 191.490287 1.500000
-4.021743 68.742747 1.500000
28.305850 159.569995 1.500000
-73.432382 376.899004 1.500000
-217.327393 383.826079 1.500000
-181.906591 317.028245 1.500000
-29.756821 100.107777 1.500000
-207.075559 100.214908 1.500000
129.660355 358.359761 1.500000
-134.472691 82.850343 1.500000
-84.903395 245.547423 1.500000
-30.344503 170.243366 1.500000
-21.735662 141.062174 1.500000
-235.941940 284.217823 1.500000
-180.875154 385.425133 1.500000
224.792434 310.141162 1.500000
-240.337582 208.852221 1.500000
28.506787 191.749464 1.500000
15.124989 364.860851 1.500000
-61.484111 239.672148 1.500000
-11.514690 211.784953 1.500000
168.249685 283.300777 1.500000
202.114317 116.052836 1.500000
-98.783575 43.587676 1.500000
-66.410729 343.277296 1.500000
-116.553012 258.566909 1.500000
11.332385 87.972642 1.500000
125.332705 138.696755 1.500000
-120.306994 395.322725 1.500000
-65.272380 265.396348 1.500000
253.122980 264.918571 1.500000
-218.450211 51.762709 1.500000
-0.146449 387.048674 1.500000
133.804266 360.122480 1.500000
-157.172114 238.689736 1.500000
-212.024038 141.927551 1.500000
-165.078652 291.747073 1.500000
243.534729 339.760844 1.500000
-231.771286 321.614505 1.500000
-141.296984 392.560554 1.500000
-221.825098 270.362449 1.500000
-179.027432 148.553740 1.500000
91.716295 211.625613 1.500000
-112.923346 332.742617 1.500000
58.706833 129.612378 1.500000
74.732852 105.086708 1.500000
211.517736 300.396928 1.500000
-239.170178 195.454874 1.500000
206.159376 331.771093 1.500000
89.740280 81.022107 1.500000
-159.237690 154.392380 1.500000
162.028508 123.729840 1.500000
209.787398 291.833551 1.500000
-106.097063 313.350829 1.500000
240.456806 197.743304 1.500000
-0.286699 206.813987 1.500000
78.315445 78.290955 1.500000
276.885046 297.747721 1.500000
-43.798188 402.050381 1.500000
189.283098 321.893999 1.500000
-69.235493 111.058004 1.500000
176.279218 266.857709 1.500000
71.704271 133.141718 1.500000
-124.992108 32.590458 1.500000
-16.684911 94.630309 1.500000
-76.052932 67.061025 1.500000
-198.763884 92.515541 1.500000
-228.327416 326.112593 1.500000
-59.985941 136.197909 1.500000
-229.732017 313.828967 1.500000
-154.644798 385.138154 1.500000
137.735903 237.327486 1.500000
128.665472 206.038754 1.500000
143.051350 306.572229 1.500000
-71.847510 65.224409 1.500000
230.272594 188.858038 1.500000
74.240109 212.470140 1.500000
-176.680778 339.908624 1.500000
-161.615974 329.960088 1.500000
126.870524 352.108061 1.500000
-149.217542 291.032618 1.500000
26.408182 228.643311 1.500000
280.131924 342.410595 1.500000
-237.650092 358.431262 1.500000
-226.752434 207.518608 1.500000
286.182938 397.158578 1.500000
66.852085 359.825854 1.500000
-171.871933 218.798368 1.500000
229.011743 50.287899 1.500000
225.592630 116.897035 1.500000
39.613224 316.080688 1.500000
89.261915 63.101110 1.500000
-87.529109 206.377727 1.500000
-215.436387 252.076893 1.500000
81.619105 358.595478 1.500000
-83.603482 350.977033 1.500000
106.975692 310.198341 1.500000
197.767899 179.882722 1.500000
-223.676655 84.468270 1.500000
74.933403 280.723974 1.500000
-120.209098 94.183871 1.500000
219.372492 245.039052 1.500000
-105.427566 395.550258 1.500000
81.359207 234.916300 1.500000
52.277556 274.551273 1.500000
-26.336186 284.606521 1.500000
113.215002 343.190421 1.500000
143.895206 187.585064 1.500000
58.078007 217.521622 1.500000
157.663926 93.229458 1.500000
280.893536 255.735178 1.500000
-23.870277 138.507325 1.500000
23.619558 218.217882 1.500000
-233.095479 320.785699 1.500000
178.555638 34.197897 1.500000
29.634879 236.508256 1.500000
-30.575701 88.734533 1.500000
-184.993309 131.531314 1.500000
229.677666 35.472453 1.500000
-32.208721 88.122718 1.500000
125.797767 397.345330 1.500000
-158.588611 401.292224 1.500000
271.466174 299.767776 1.500000
-149.883309 254.695656 1.500000
-138.881086 311.707690 1.500000
213.982560 359.091222 1.500000
241.608552 221.993411 1.500000
-124.840024 37.966119 1.500000
2.237502 289.939957 1.500000
148.141391 403.114324 1.500000
225.309062 126.125060 1.500000
-37.863193 200.838046 1.500000
30.782166 163.220002 1.500000
151.917119 172.721099 1.500000
142.461063 294.410240 1.500000
171.207550 172.064770 1.500000
56.746045 383.475970 1.500000
-187.507614 317.951181 1.500000
235.107141 37.529142 1.500000
214.129635 335.776082 1.500000
177.783584 316.589401 1.500000
-191.633849 227.279693 1.500000
-126.788054 219.542480 1.500000
149.851957 340.028318 1.500000
-227.158648 185.774840 1.500000
270.191730 85.481032 1.500000
-37.603808 142.464076 1.500000
139.061521 123.569571 1.500000
225.858550 284.496683 1.500000
-33.771852 99.697877 1.500000
-69.626427 273.957977 1.500000
71.457305 204.323075 1.500000
63.225784 335.496705 1.500000
-25.180496 203.530764 1.500000
76.255224 379.865464 1.500000
259.890158 370.481303 1.500000
4.978977 97.890859 1.500000
-133.733027 283.983189 1.500000
-36.209493 111.337240 1.500000
-30.730027 338.817633 1.500000
-173.297573 269.311397 1.500000
-158.398540 131.653914 1.500000
122.491508 121.305343 1.500000
-56.582720 193.572193 1.500000
264.292696 329.633293 1.500000
-108.322738 329.177515 1.500000
-180.453293 39.117030 1.500000
159.082802 140.619130 1.500000
220.445947 189.922262 1.500000
-93.688288 245.002605 1.500000
-129.777101 80.456499 1.500000
-143.231676 151.295074 1.500000
39.149329 360.091518 1.500000
6.199907 201.110749 1.500000
-102.674696 308.931750 1.500000
-217.594882 208.548714 1.500000
13.766420 204.145820 1.500000
265.627733 254.344581 1.500000
98.551049 126.705414 1.500000
19.345541 124.541574 1.500000
-185.730195 400.419794 1.500000
-108.588181 353.856485 1.500000
-87.451000 306.927837 1.500000
165.557881 81.909491 1.500000
224.539719 39.389583 1.500000
236.282826 94.302850 1.500000
274.480635 384.629742 1.500000
276.829315 336.198098 1.500000
257.612796 221.066525 1.500000
-202.947175 395.154569 1.500000
-165.812622 81.278970 1.500000
-76.983634 237.155613 1.500000
52.319911 95.772284 1.500000
-185.479099 144.767481 1.500000
205.964934 385.811031 1.500000
83.837835 353.570935 1.500000
47.973656 69.975006 1.500000
-150.540473 120.927360 1.500000
-108.507866 254.580502 1.500000
-154.756333 50.141380 1.500000
207.534966 232.163604 1.500000
61.378451 252.367470 1.500000
148.211902 134.273237 1.500000
-88.285943 134.884507 1.500000
-43.795715 108.956923 1.500000
-31.686292 382.686797 1.500000
157.841033 177.425552 1.500000
165.198283 248.013478 1.500000
-127.793455 137.080849 1.500000
254.017131 291.093905 1.500000
-180.007339 63.738694 1.500000
232.787442 50.330228 1.500000
-188.105132 305.324835 1.500000
-98.619649 301.673222 1.500000
202.509046 124.440608 1.500000
-145.157635 161.049476 1.500000
-15.082121 381.686307 1.500000
-4.092192 70.772328 1.500000
-110.587314 94.249135 1.500000
128.800705 191.032765 1.500000
205.543704 133.262457 1.500000
221.723724 272.110878 1.500000
-62.589455 283.174686 1.500000
41.130974 222.433211 1.500000
-108.214781 254.447139 1.500000
-115.345200 189.772164 1.500000
-152.351143 316.835816 1.500000
251.089043 43.593168 1.500000
225.115452 141.594228 1.500000
169.824299 284.507901 1.500000
37.041509 150.364134 1.500000
15.078334 54.965762 1.500000
39.148813 156.348702 1.500000
42.767490 296.731738 1.500000
-9.459552 70.225103 1.500000
-167.383679 298.351201 1.500000
-175.356418 321.479678 1.500000
264.295165 267.146837 1.500000
17.562915 122.270859 1.500000
267.114967 334.080817 1.500000
-152.667750 103.130065 1.500000
52.173451 368.503993 1.500000
-132.346346 291.090190 1.500000
-111.349641 43.451468 1.500000
-225.340204 325.142513 1.500000
-177.341954 216.296135 1.500000
242.283514 196.055358 1.500000
-69.177039 183.012672 1.500000
75.631744 254.899396 1.500000
4.062524 306.708900 1.500000
-23.415722 358.755294 1.500000
42.820024 132.659783 1.500000
-139.860964 263.980554 1.500000
281.581217 283.652687 1.500000
189.609501 274.562762 1.500000
145.045452 214.426848 1.500000
7.952597 169.402696 1.500000
-167.154897 316.091210 1.500000
243.646164 144.667045 1.500000
-60.523043 100.956550 1.500000
-215.285472 235.543019 1.500000
-53.462418 127.315384 1.500000
183.615405 32.671408 1.500000
90.772463 42.248828 1.500000
152.390395 288.766021 1.500000
183.473820 394.202491 1.500000
-126.833658 192.965078 1.500000
243.439012 81.925686 1.500000
-9.528563 337.060845 1.500000
99.138355 127.908817 1.500000
-240.337582 400.228398 1.500000
283.340519 239.920723 1.500000
-91.426081 117.280794 1.500000
-210.948425 215.827514 1.500000
0.241507 155.441037 1.500000
-175.447433 320.386678 1.500000
-157.493537 66.010822 1.500000
89.992999 350.066660 1.500000
-32.487807 313.183824 1.500000
241.077401 354.229332 1.500000
-75.622322 358.969510 1.500000
138.631899 111.475243 1.500000
1.677654 222.578772 1.500000
107.832676 347.992287 1.500000
76.646000 170.562332 1.500000
3.384502 53.656999 1.500000
259.600844 136.521458 1.500000
-62.065009 115.408031 1.500000
-145.376309 353.734594 1.500000
116.045315 200.198568 1.500000
205.054107 285.472036 1.500000
-221.368785 385.644425 1.500000
1.680220 138.607152 1.500000
225.929253 318.031313 1.500000
153.324557 35.550116 1.500000
282.419576 62.495332 1.500000
38.830373 86.387552 1.500000
105.023120 137.418131 1.500000
-86.441252 178.055851 1.500000
256.701932 211.060488 1.500000
-50.248648 115.287043 1.500000
153.710347 47.009552 1.500000
-21.189535 279.684420 1.500000
55.447965 38.112476 1.500000
134.593343 336.459918 1.500000
29.957434 377.773105 1.500000
234.526589 290.158786 1.500000
-21.118449 250.854655 1.500000
98.620709 279.288848 1.500000
-61.499809 271.181137 1.500000
-26.405363 377.810534 1.500000
-12.481850 390.390792 1.500000
-176.174821 182.531325 1.500000
-188.962334 261.870115 1.500000
111.161827 331.397262 1.500000
105.332095 26.435804 1.500000
102.153130 220.959425 1.500000
-227.082263 269.451197 1.500000
-70.385708 298.836739 1.500000
-132.769409 163.097517 1.500000
170.016228 139.002760 1.500000
211.313016 94.499671 1.500000
-115.432150 236.766455 1.500000
117.976263 374.205467 1.500000
-169.786029 364.748530 1.500000
-92.811864 161.970321 1.500000
-161.844892 124.545538 1.500000
-90.320858 324.208410 1.500000
119.136855 298.891204 1.500000
237.741069 215.492757 1.500000
-131.446240 178.616475 1.500000
43.312067 71.739700 1.500000
127.608355 326.281631 1.500000
261.904991 256.966009 1.500000
77.209364 170.829561 1.500000
-104.971824 377.874774 1.500000
88.196940 273.907823 1.500000
-77.481658 374.457949 1.500000
272.464715 203.849099 1.500000
-30.843484 197.622470 1.500000
123.269736 380.439327 1.500000
-227.246867 387.848627 1.500000
-25.262940 387.076262 1.500000
222.185371 340.760488 1.500000
79.437624 200.012950 1.500000
-6.665902 103.790727 1.500000
251.623019 173.361281 1.500000
210.962303 382.411622 1.500000
-70.431124 167.616366 1.500000
44.617416 317.258596 1.500000
17.702972 375.150533 1.500000
94.058402 391.096925 1.500000
-67.363855 377.697588 1.500000
-110.751658 232.700524 1.500000
235.675934 212.342148 1.500000
249.629696 394.915944 1.500000
205.463991 103.863858 1.500000
279.819103 97.271909 1.500000
148.736650 391.576164 1.500000
165.850964 285.301255 1.500000
164.163818 231.140368 1.500000
12.275621 78.025873 1.500000
-1.031481 223.210081 1.500000
-117.053914 388.623946 1.500000
95.283270 261.374095 1.500000
-90.192006 181.045728 1.500000
-108.304421 232.644916 1.500000
73.104531 360.413132 1.500000
-28.885660 375.006051 1.500000
-124.608255 174.460747 1.500000
190.826750 259.822306 1.500000
214.039815 131.095659 1.500000
-150.666054 197.031324 1.500000
-233.544054 106.837807 1.500000
-64.619007 222.658813 1.500000
180.013619 243.409934 1.500000
200.816269 157.600681 1.500000
-163.565217 126.831041 1.500000
173.843177 88.161469 1.500000
-182.972254 77.280285 1.500000
-40.965554 291.223243 1.500000
286.412063 110.682990 1.500000
-135.679315 72.912429 1.500000
-153.366387 403.114324 1.500000
-15.413986 124.793627 1.500000
90.259937 368.766838 1.500000
256.047756 256.187811 1.500000
280.703941 294.376156 1.500000
-201.010920 234.323001 1.500000
-171.494067 98.364404 1.500000
176.158279 344.224902 1.500000
-96.882076 337.331052 1.500000
225.456917 161.310446 1.500000
109.021868 320.324397 1.500000
-176.721688 231.741401 1.500000
195.926428 368.444094 1.500000
-145.044764 328.825543 1.500000
-16.312208 40.511415 1.500000
47.953036 356.572634 1.500000
20.211005 390.222501 1.500000
115.994545 308.722288 1.500000
104.921655 71.340143 1.500000
282.030457 334.634897 1.500000
283.630221 269.982187 1.500000
26.078910 152.963312 1.500000
-188.893364 363.264749 1.500000
142.532435 239.537277 1.500000
271.978794 347.336132 1.500000
-75.551390 278.953941 1.500000
1.888309 139.513571 1.500000
-15.176498 394.622637 1.500000
-214.242509 245.269781 1.500000
110.211889 220.382531 1.500000
-54.391451 181.697425 1.500000
177.595377 78.506791 1.500000
198.102175 287.565183 1.500000
192.450714 191.608547 1.500000
-21.835922 375.659403 1.500000
-73.632499 390.183050 1.500000
151.334805 318.461219 1.500000
176.808455 121.127829 1.500000
21.975781 299.890274 1.500000
231.453553 34.442422 1.500000
-164.286267 342.343751 1.500000
223.598334 210.399696 1.500000
-188.700864 374.801214 1.500000
-161.671707 167.897065 1.500000
39.886668 129.155175 1.500000
-206.194872 397.993532 1.500000
-204.987188 221.921185 1.500000
-237.003727 346.416600 1.500000
-10.004290 371.819301 1.500000
171.793225 217.389017 1.500000
-218.267428 199.740542 1.500000
99.097308 233.711807 1.500000
192.575880 343.449271 1.500000
-151.892168 386.806426 1.500000
-161.142578 150.726563 1.500000
212.417047 302.399530 1.500000
192.947420 133.915321 1.500000
42.165755 257.772911 1.500000
194.322469 331.420739 1.500000
-195.808372 363.159122 1.500000
-33.826647 195.951737 1.500000
142.765991 162.564557 1.500000
-107.813772 123.302764 1.500000
156.902939 78.659797 1.500000
26.246782 163.347736 1.500000
153.925185 354.027404 1.500000
7.804208 191.617885 1.500000
-42.481973 142.074170 1.500000
-125.087422 306.332067 1.500000
-129.822539 110.779938 1.500000
154.152302 121.949742 1.500000
-175.820935 378.466939 1.500000
-198.628591 55.964489 1.500000
-142.088664 182.619130 1.500000
-144.553913 246.384067 1.500000
189.637287 112.575446 1.500000
-32.791415 141.618947 1.500000
282.612932 108.641975 1.500000
-169.076354 160.592340 1.500000
105.548088 366.515397 1.500000
-5.047662 189.330906 1.500000
-28.793637 188.235303 1.500000
220.637630 167.252289 1.500000
280.818743 390.873025 1.500000
221.248590 68.470842 1.500000
-143.091481 353.544584 1.500000
-117.772866 148.221344 1.500000
108.545138 383.841702 1.500000
-86.922465 140.217396 1.500000
148.618520 58.819149 1.500000
54.457154 222.126802 1.500000
44.440288 111.366099 1.500000
195.973967 312.348418 1.500000
138.071614 275.384516 1.500000
-225.150627 284.213481 1.500000
-209.157484 108.471909 1.500000
80.496781 296.415570 1.500000
15.825747 151.041916 1.500000
-99.734136 401.369994 1.500000
-15.242851 302.826062 1.500000
158.650863 245.116329 1.500000
194.438397 352.069011 1.500000
55.707821 246.664985 1.500000
-44.580068 243.631322 1.500000
-96.906863 113.750062 1.500000
36.744101 281.163925 1.500000
-74.109799 163.195302 1.500000
57.833354 44.265274 1.500000
115.958391 331.128078 1.500000
-211.521447 48.730949 1.500000
-234.787511 274.311846 1.500000
-129.624161 85.104327 1.500000
228.992721 183.838050 1.500000
104.169796 348.565640 1.500000
-146.821426 61.139981 1.500000
229.427841 275.940040 1.500000
9.519652 255.695477 1.500000
6.978617 356.129130 1.500000
252.216121 98.024682 1.500000
-205.118636 328.716499 1.500000
-129.023928 193.406659 1.500000
65.222256 188.088991 1.500000
-137.129321 161.649390 1.500000
117.909200 174.341481 1.500000
-125.621828 223.157010 1.500000
-192.241140 61.931618 1.500000
-138.956353 189.842793 1.500000
-14.898884 274.923645 1.500000
-150.805741 218.579248 1.500000
-171.218577 87.350880 1.500000
206.265889 164.092503 1.500000
-68.499731 189.735622 1.500000
-49.257057 278.232845 1.500000
-210.293330 366.926086 1.500000
-51.182894 231.842270 1.500000
-107.030982 282.236170 1.500000
78.279712 56.015478 1.500000
-133.503497 384.613523 1.500000
225.362376 149.360561 1.500000
248.549446 159.186568 1.500000
-187.013009 110.774439 1.500000
-180.743798 53.928491 1.500000
-184.030034 325.587033 1.500000
85.993797 115.592571 1.500000
-173.955842 135.789835 1.500000
205.882252 90.981118 1.500000
156.396172 394.946240 1.500000
192.896099 314.088667 1.500000
36.798240 378.556632 1.500000
286.412063 350.504079 1.500000
-216.784268 369.016402 1.500000
-29.906992 205.077154 1.500000
-73.222186 87.827203 1.500000
260.102603 148.261095 1.500000
63.823641 137.172044 1.500000
181.344726 298.294429 1.500000
-148.864251 37.017684 1.500000
278.961376 77.129773 1.500000
20.340343 289.176999 1.500000
17.521112 73.932329 1.500000
268.783158 42.759213 1.500000
-44.822931 68.847471 1.500000
-24.927971 287.365884 1.500000
66.334040 78.390637 1.500000
-175.461277 80.667148 1.500000
-74.586167 116.139555 1.500000
-139.729069 314.471280 1.500000
-188.018674 95.796431 1.500000
220.218001 43.452563 1.500000
66.346187 367.714861 1.500000
-56.022419 357.236203 1.500000
-23.415780 100.108079 1.500000
-13.356720 118.420231 1.500000
92.504690 99.905759 1.500000
249.516774 301.316501 1.500000
251.413886 118.542930 1.500000
-34.259774 373.111061 1.500000
-71.115637 343.110187 1.500000
-7.753284 242.804695 1.500000
56.720287 31.058590 1.500000
-0.328256 362.364413 1.500000
107.468160 301.757781 1.500000
46.295762 324.917494 1.500000
-72.742262 52.695757 1.500000
-58.743227 294.723362 1.500000
-41.032931 327.381971 1.500000
-189.289225 385.042961 1.500000
-153.843770 245.193200 1.500000
138.559880 213.184725 1.500000
-31.647587 188.404758 1.500000
-128.289352 283.153595 1.500000
60.307301 374.377857 1.500000
156.667222 253.721264 1.500000
-104.789253 109.665108 1.500000
194.757452 29.353635 1.500000
248.918929 258.417908 1.500000
73.080229 354.030289 1.500000
112.318765 52.324371 1.500000
-208.050756 172.857739 1.500000
260.861240 380.848332 1.500000
-30.429173 216.192623 1.500000
242.300834 110.211729 1.500000
61.098264 156.690804 1.500000
-237.251378 180.640320 1.500000
-217.723384 73.369480 1.500000
116.515375 276.952934 1.500000
53.954840 250.725827 1.500000
-222.180101 275.347147 1.500000
153.337318 257.011242 1.500000
211.703632 30.190087 1.500000
19.825800 89.635986 1.500000
3.439923 89.331302 1.500000
-234.607952 59.019395 1.500000
173.241697 302.540781 1.500000
-67.965582 73.081433 1.500000
219.811253 281.643594 1.500000
-45.361935 88.999560 1.500000
59.942257 71.297939 1.500000
-102.464136 87.452674 1.500000
-153.860588 218.052983 1.500000
165.720224 269.999897 1.500000
20.610375 332.175458 1.500000
41.818505 79.039052 1.500000
267.532694 262.272106 1.500000
266.366411 324.354427 1.500000
209.038534 144.080405 1.500000
-143.228729 55.230882 1.500000
76.654669 82.274012 1.500000
222.301410 59.365665 1.500000
-43.466681 362.773195 1.500000
-189.013903 170.936806 1.500000
185.613007 225.596526 1.500000
11.507684 313.990716 1.500000
59.252094 164.394055 1.500000
274.745780 276.808224 1.500000
72.772086 52.823478 1.500000
-16.304917 211.832206 1.500000
-46.286620 64.006153 1.500000
-22.114133 117.761310 1.500000
-175.236238 133.377536 1.500000
170.096433 294.667451 1.500000
205.658208 281.609266 1.500000
-87.367459 305.115942 1.500000
-82.196981 54.360835 1.500000
218.865324 400.198357 1.500000
-226.198045 49.035999 1.500000
35.406840 339.336393 1.500000
2.001790 310.144913 1.500000
118.336118 248.025848 1.500000
-147.929984 192.062118 1.500000
114.573770 307.427115 1.500000
-41.422518 305.433791 1.500000
86.097533 81.527971 1.500000
-217.353599 325.661846 1.500000
5.100245 62.964546 1.500000
28.498791 216.539914 1.500000
-128.493841 267.803035 1.500000
-168.155361 337.315641 1.500000
-141.543114 196.489291 1.500000
-56.749009 113.258211 1.500000
-194.713111 207.605714 1.500000
254.615357 120.732157 1.500000
-29.052339 225.413729 1.500000
186.249904 204.268031 1.500000
275.432668 320.137873 1.500000
-192.916332 113.865033 1.500000
102.070016 106.443880 1.500000
221.168287 196.217314 1.500000
95.875668 45.575110 1.500000
-12.723217 113.476315 1.500000
-13.341107 159.637985 1.500000
-222.626452 211.615718 1.500000
38.066976 128.258896 1.500000
279.616060 239.114509 1.500000
265.702512 355.509083 1.500000
-219.220570 226.869102 1.500000
130.194217 134.343031 1.500000
-79.388620 46.703131 1.500000
234.710166 75.729491 1.500000
-219.312943 241.318776 1.500000
251.834274 288.648231 1.500000
203.264358 48.572770 1.500000
-181.512730 99.200584 1.500000
-208.197303 146.806718 1.500000
199.178106 149.933797 1.500000
-160.574714 388.513997 1.500000
40.539774 109.034282 1.500000
237.315647 47.231573 1.500000
58.894431 161.426732 1.500000
-35.189280 73.284329 1.500000
-2.708222 76.151557 1.500000
-207.366552 174.756398 1.500000
268.236918 138.206136 1.500000
-73.218922 57.139439 1.500000
-143.685976 254.820322 1.500000
-91.905316 216.478905 1.500000
262.157916 62.829030 1.500000
-186.743918 351.139244 1.500000
222.132583 135.998716 1.500000
127.498156 389.049906 1.500000
194.427408 379.393092 1.500000
273.925541 190.381669 1.500000
201.720001 115.830911 1.500000
256.494791 337.748868 1.500000
-173.827274 155.182000 1.500000
180.066417 89.294047 1.500000
44.214000 228.799350 1.500000
46.526509 214.718407 1.500000
229.820657 344.974924 1.500000
270.324160 298.025725 1.500000
125.725500 364.560290 1.500000
12.836399 303.127260 1.500000
-1.645225 267.699000 1.500000
-34.001619 217.085720 1.500000
-50.043202 400.872308 1.500000
-33.743982 391.149971 1.500000
-193.127453 342.181569 1.500000
-205.935478 320.090219 1.500000
164.467742 243.110522 1.500000
-6.324877 121.516230 1.500000
250.735822 356.339220 1.500000
81.445021 26.435804 1.500000
-224.400823 114.876347 1.500000
-158.083157 177.641116 1.500000
-132.903336 245.796111 1.500000
275.968032 237.293960 1.500000
-122.966148 92.159299 1.500000
29.676294 69.333080 1.500000
252.643511 106.895196 1.500000
275.226939 156.640296 1.500000
-114.560873 31.079856 1.500000
-209.507086 284.073561 1.500000
-159.512314 120.227348 1.500000
-203.473094 156.630687 1.500000
-141.036206 148.373231 1.500000
57.243292 220.809778 1.500000
233.887024 354.945716 1.500000
43.096194 82.853053 1.500000
91.344766 154.470532 1.500000
-141.670234 286.734765 1.500000
181.934415 41.548974 1.500000
86.895137 342.581220 1.500000
216.487898 389.016824 1.500000
255.877604 248.783764 1.500000
-54.761612 390.328824 1.500000
-192.597181 184.888827 1.500000
-119.556471 184.574145 1.500000
-10.082266 58.191265 1.500000
258.949325 39.779058 1.500000
-37.735310 121.215612 1.500000
165.054868 207.675097 1.500000
45.210638 218.284310 1.500000
-140.293821 111.078315 1.500000
-71.790689 257.684464 1.500000
100.354823 98.303038 1.500000
116.115834 149.797804 1.500000
-7.023407 100.401927 1.500000
-116.032241 291.531259 1.500000
142.071521 219.821811 1.500000
-158.416240 300.417550 1.500000
251.145347 48.011364 1.500000
-143.113240 188.431686 1.500000
-183.676228 393.444418 1.500000
26.862963 49.425822 1.500000
30.093359 183.824125 1.500000
34.079462 41.138835 1.500000
-11.470121 79.900612 1.500000
281.380105 201.409211 1.500000
18.346172 80.844345 1.500000
14.193522 221.908107 1.500000
-16.222618 382.558051 1.500000
-207.445506 97.413436 1.500000
73.508197 67.281166 1.500000
-123.356312 338.433266 1.500000
93.130984 201.328964 1.500000
-213.845684 355.996518 1.500000
274.147834 143.292634 1.500000
9.868922 261.210111 1.500000
230.293489 369.945437 1.500000
9.502728 93.965795 1.500000
-211.198939 330.046897 1.500000
195.875941 261.414911 1.500000
99.094586 331.023988 1.500000
174.878698 88.992283 1.500000
-11.593628 185.016099 1.500000
94.357549 77.253310 1.500000
210.769745 390.477867 1.500000
90.654789 49.052600 1.500000
-55.563452 51.017616 1.500000
108.066232 365.096043 1.500000
112.308931 140.459620 1.500000
265.789797 247.277839 1.500000
-49.706296 136.186994 1.500000
-16.653457 267.282627 1.500000
189.396735 100.979007 1.500000
26.486701 196.087432 1.500000
150.507003 223.490521 1.500000
0.682321 152.027798 1.500000
-128.203465 121.094502 1.500000
148.846320 79.559884 1.500000
-172.468878 289.747000 1.500000
-129.836030 90.432741 1.500000
90.668885 137.364516 1.500000
151.529911 156.839239 1.500000
227.920519 198.141115 1.500000
-101.548333 289.280166 1.500000
-184.504799 183.592357 1.500000
265.537237 349.967278 1.500000
-160.276370 283.465390 1.500000
-139.091084 344.655336 1.500000
-89.424447 293.600293 1.500000
40.467568 83.188001 1.500000
224.446682 394.277357 1.500000
158.398152 324.880757 1.500000
131.758993 244.766023 1.500000
-141.443631 81.876112 1.500000
-48.269514 94.577299 1.500000
16.067919 258.597753 1.500000
-167.937325 181.614256 1.500000
-96.761890 279.507172 1.500000
-79.857544 166.816570 1.500000
-171.663369 218.102318 1.500000
52.680401 94.424548 1.500000
132.015049 82.773348 1.500000
-206.118530 51.809076 1.500000
11.110801 339.216030 1.500000
173.553600 235.805590 1.500000
155.826172 389.962019 1.500000
189.424739 309.864417 1.500000
-3.837615 317.779098 1.500000
192.040937 215.002366 1.500000
-112.713697 332.945159 1.500000
-48.132864 381.508943 1.500000
-145.551848 296.388108 1.500000
5.980489 64.814487 1.500000
-33.967253 272.921445 1.500000
-113.691204 73.119687 1.500000
153.321648 51.512996 1.500000
-77.397991 288.287726 1.500000
-95.006129 342.540591 1.500000
-173.529753 84.497151 1.500000
-6.746605 52.290250 1.500000
-80.905099 361.694343 1.500000
-43.364458 68.516959 1.500000
-114.115231 39.658235 1.500000
164.183091 302.944780 1.500000
248.112253 337.962967 1.500000
23.174543 222.695485 1.500000
100.575273 231.447313 1.500000
211.791126 149.009621 1.500000
286.412063 117.821235 1.500000
89.629867 313.919762 1.500000
231.195301 342.813147 1.500000
240.689131 145.320131 1.500000
178.325484 129.655931 1.500000
1.487565 130.240203 1.500000
-197.920252 43.870656 1.500000
-229.118796 132.184456 1.500000
8.108031 34.103272 1.500000
16.860272 323.485693 1.500000
-26.951576 125.977978 1.500000
60.913128 286.720130 1.500000
47.916117 229.970824 1.500000
199.671792 341.792095 1.500000
-183.422518 385.787965 1.500000
-124.760934 161.803489 1.500000
170.058205 63.322147 1.500000
203.180649 313.724390 1.500000
284.468379 29.085398 1.500000
220.926943 112.167691 1.500000
229.899493 49.070987 1.500000
-72.926198 361.113948 1.500000
-30.641644 27.015835 1.500000
-101.645676 210.310055 1.500000
80.155585 191.850008 1.500000
253.542554 277.268049 1.500000
-56.076882 132.812648 1.500000
54.207029 351.160350 1.500000
-80.410395 305.367002 1.500000
-152.292115 190.903671 1.500000
-134.321071 165.028582 1.500000
-203.710864 330.586158 1.500000
259.863672 313.774780 1.500000
-26.622971 174.535278 1.500000
196.243717 156.892742 1.500000
121.234645 40.972716 1.500000
-135.856004 62.915022 1.500000
-149.396265 48.087909 1.500000
189.135393 34.690610 1.500000
-100.059364 84.433347 1.500000
241.907420 349.001160 1.500000
-164.127388 323.621963 1.500000
118.201888 350.719986 1.500000
188.269279 266.204160 1.500000
-113.916474 260.978059 1.500000
-91.509883 75.217873 1.500000
266.059815 295.875327 1.500000
-100.966285 135.626427 1.500000
-19.163937 221.105206 1.500000
-10.759353 385.795430 1.500000
-103.382265 349.225319 1.500000
167.538211 116.599105 1.500000
166.634094 307.644804 1.500000
-41.719290 69.393672 1.500000
198.412943 38.612244 1.500000
-127.403922 38.105488 1.500000
-240.337582 87.570561 1.500000
59.818792 289.167068 1.500000
280.578879 161.390344 1.500000
-218.214476 34.016516 1.500000
-130.056956 396.311108 1.500000
31.706808 228.904440 1.500000
186.409649 178.771391 1.500000
-194.096913 223.006870 1.500000
-28.716183 223.283053 1.500000
151.861294 206.302903 1.500000
-42.722194 262.631494 1.500000
-142.983686 359.710476 1.500000
-134.917509 141.647937 1.500000
-21.232612 214.400122 1.500000
15.448711 29.816285 1.500000
218.035907 344.302243 1.500000
98.845986 139.516372 1.500000
127.045242 130.880644 1.500000
282.323101 400.986111 1.500000
-26.765353 250.885135 1.500000
-29.680508 78.357324 1.500000
241.548003 124.682621 1.500000
-107.639271 156.391164 1.500000
139.566743 396.779897 1.500000
151.794023 187.384989 1.500000
-192.119967 117.730599 1.500000
1.088209 237.935218 1.500000
-133.874897 181.127364 1.500000
-145.944851 51.301715 1.500000
-1.087138 353.183391 1.500000
-88.006206 33.654324 1.500000
179.038312 364.388657 1.500000
232.133623 330.258899 1.500000
180.354108 54.261011 1.500000
-100.429831 301.849407 1.500000
-97.007857 316.356770 1.500000
-107.147964 247.786832 1.500000
-165.668452 243.223058 1.500000
263.247507 44.682988 1.500000
-29.498943 48.416624 1.500000
-125.948126 298.408886 1.500000
204.942344 68.077250 1.500000
-29.478719 119.744550 1.500000
-221.999650 213.419377 1.500000
-153.202844 87.330087 1.500000
103.023035 320.799336 1.500000
166.918130 331.320850 1.500000
-130.749207 347.786821 1.500000
247.523648 49.242901 1.500000
206.358712 185.808986 1.500000
208.915159 351.425075 1.500000
-118.524452 162.166232 1.500000
-210.007128 285.488575 1.500000
222.317478 244.306540 1.500000
-78.258202 153.993028 1.500000
80.438913 131.552815 1.500000
157.873482 271.537714 1.500000
-166.200995 74.873122 1.500000
166.726150 347.883297 1.500000
255.513415 240.311314 1.500000
135.790145 65.767173 1.500000
-11.977337 294.485737 1.500000
224.113128 194.236651 1.500000
37.608420 108.904370 1.500000
150.840914 390.511224 1.500000
189.420564 296.034839 1.500000
148.394144 247.800324 1.500000
-86.629911 348.454257 1.500000
-179.112791 230.560797 1.500000
-119.358442 193.964050 1.500000
24.642180 103.587681 1.500000
27.560601 84.865168 1.500000
65.968101 195.982921 1.500000
-31.869851 194.811009 1.500000
174.271554 304.001141 1.500000
238.545447 193.900941 1.500000
-110.212469 246.913890 1.500000
149.831412 342.432616 1.500000
119.887781 403.114324 1.500000
37.572341 154.532172 1.500000
-143.054642 367.416546 1.500000
180.459365 324.357533 1.500000
267.068372 53.483432 1.500000
137.760323 154.532174 1.500000
241.751907 108.239024 1.500000
280.120736 277.340446 1.500000
-50.764290 234.154782 1.500000
90.411432 212.434479 1.500000
14.226503 317.106334 1.500000
282.861239 156.153101 1.500000
-190.326988 166.798245 1.500000
-23.841392 350.967552 1.500000
222.023599 387.880503 1.500000
-92.635351 324.387911 1.500000
174.098937 110.814116 1.500000
-43.131768 62.866244 1.500000
270.641197 105.045285 1.500000
232.058365 184.830552 1.500000
-81.427965 113.326673 1.500000
165.972434 368.947482 1.500000
-62.990715 282.122875 1.500000
76.580507 184.217114 1.500000
105.595742 127.649845 1.500000
196.925071 167.922884 1.500000
-228.048025 205.885618 1.500000
-126.626099 293.945942 1.500000
136.103338 60.071385 1.500000
57.063177 347.847183 1.500000
21.900940 69.884342 1.500000
-209.140622 123.020559 1.500000
-57.394956 400.598697 1.500000
214.846994 102.779345 1.500000
-219.617433 67.069894 1.500000
-34.346981 266.898616 1.500000
251.898047 175.726010 1.500000
-211.869557 60.723728 1.500000
152.681606 31.077167 1.500000
-107.872281 57.555529 1.500000
218.804026 227.175469 1.500000
152.219156 109.342201 1.500000
222.416610 316.904420 1.500000
-120.794437 350.264601 1.500000
34.688629 82.471824 1.500000
169.882549 160.584965 1.500000
-116.583160 76.223889 1.500000
-117.980073 134.327561 1.500000
-227.942729 116.305204 1.500000
267.017833 323.544426 1.500000
133.611398 161.770360 1.500000
98.495432 215.733246 1.500000
150.272232 275.465572 1.500000
34.875701 340.763500 1.500000
11.178287 144.412387 1.500000
-4.304306 106.033959 1.500000
91.555766 390.144877 1.500000
-137.345246 146.573650 1.500000
225.235623 280.618927 1.500000
191.918841 284.753617 1.500000
-54.082736 214.748311 1.500000
63.401454 110.179736 1.500000
-164.638893 83.013825 1.500000
265.727079 214.389620 1.500000
233.566102 220.183568 1.500000
246.474588 321.191986 1.500000
-64.874686 295.180659 1.500000
-152.864003 372.871418 1.500000
-128.901594 392.573491 1.500000
-191.915056 302.041610 1.500000
-177.097420 51.590612 1.500000
-200.194932 181.201581 1.500000
282.007474 252.001521 1.500000
-199.794002 250.912658 1.500000
-165.380423 93.464831 1.500000
197.901001 247.128527 1.500000
70.526621 155.294550 1.500000
165.570662 152.591442 1.500000
87.217852 341.692241 1.500000
223.926980 187.631957 1.500000
95.298172 228.375905 1.500000
39.069868 235.007699 1.500000
131.712933 234.001199 1.500000
-4.910246 103.788181 1.500000
-56.833048 249.040185 1.500000
6.298489 157.181816 1.500000
-151.455326 277.188504 1.500000
180.331999 78.327110 1.500000
-99.774665 403.114324 1.500000
-154.857658 321.089425 1.500000
-110.473204 178.716648 1.500000
200.775034 136.857876 1.500000
-61.800564 167.534721 1.500000
117.806043 297.839724 1.500000
216.147623 273.366080 1.500000
-195.353200 290.945592 1.500000
167.106948 355.222523 1.500000
-76.218734 194.030698 1.500000
-132.569299 279.410504 1.500000
119.423651 194.609034 1.500000
239.818130 260.734210 1.500000
-86.963260 201.448273 1.500000
58.349583 322.055549 1.500000
-85.829141 26.435804 1.500000
51.122231 107.645390 1.500000
83.570960 134.138860 1.500000
83.813343 385.040054 1.500000
89.659955 211.378273 1.500000
-169.931337 162.765954 1.500000
127.118412 181.552413 1.500000
115.372070 198.457639 1.500000
123.209552 351.936534 1.500000
-200.867321 386.831007 1.500000
-0.993597 343.715802 1.500000
-30.499430 339.601775 1.500000
-193.284682 101.100499 1.500000
-124.398940 127.392434 1.500000
-10.637825 249.700879 1.500000
154.463554 276.589717 1.500000
-112.797955 99.579113 1.500000
190.713458 302.430993 1.500000
49.307958 100.181821 1.500000
161.996715 125.878258 1.500000
6.411900 141.678908 1.500000
20.106887 344.649113 1.500000
81.327661 298.816989 1.500000
247.458010 223.385989 1.500000
18.192058 333.752718 1.500000
40.523579 330.946821 1.500000
77.572246 176.571814 1.500000
144.968530 321.578193 1.500000
-201.773820 102.525335 1.500000
30.538457 219.276342 1.500000
10.536138 72.313760 1.500000
240.391134 183.127488 1.500000
21.491244 212.721394 1.500000
7.689285 52.560629 1.500000
268.171227 202.476898 1.500000
-5.181323 274.580555 1.500000
-144.543533 252.768960 1.500000
-130.203184 48.885678 1.500000
-193.157328 64.210435 1.500000
-239.937123 162.969280 1.500000
-12.023299 346.708598 1.500000
159.974221 358.109875 1.500000
142.842972 144.525419 1.500000
-224.499240 298.591777 1.500000
62.776266 242.914584 1.500000
-161.508309 399.330614 1.500000
255.795742 58.088912 1.500000
-151.441950 232.394679 1.500000
88.995328 251.251659 1.500000
-67.687580 146.552590 1.500000
93.569868 42.688269 1.500000
-25.147874 48.962206 1.500000
164.107205 196.712445 1.500000
-114.313140 290.236983 1.500000
239.316717 287.772927 1.500000
26.448850 96.781174 1.500000
152.456482 349.329467 1.500000
204.411407 164.949485 1.500000
284.861729 389.232586 1.500000
-115.127356 74.909134 1.500000
-90.156357 338.452707 1.500000
-106.187330 364.134323 1.500000
-100.735085 337.516231 1.500000
67.533349 326.075494 1.500000
282.929462 167.223591 1.500000
277.690950 299.751311 1.500000
29.036539 247.778052 1.500000
100.115301 186.294279 1.500000
210.802103 403.114324 1.500000
245.483446 139.880200 1.500000
-131.640186 180.460126 1.500000
39.327954 370.840672 1.500000
200.662718 132.563994 1.500000
-77.278849 83.356412 1.500000
-11.425284 137.825659 1.500000
276.213038 312.889974 1.500000
277.579306 349.440815 1.500000
239.418779 68.188173 1.500000
173.936883 260.124654 1.500000
-98.188567 238.381960 1.500000
-68.533554 278.482587 1.500000
50.616030 283.059032 1.500000
57.177386 384.661033 1.500000
29.124850 159.553496 1.500000
86.786714 139.997291 1.500000
-20.413169 246.493264 1.500000
155.280854 188.096387 1.500000
-60.636323 202.736662 1.500000
-69.677495 53.865550 1.500000
-178.582832 83.831965 1.500000
-135.574359 376.370043 1.500000
204.894423 48.144183 1.500000
-6.191065 248.986896 1.500000
-118.725942 312.932172 1.500000
161.963733 33.919810 1.500000
54.707028 113.950216 1.500000
-228.523502 169.584911 1.500000
-76.857224 216.553412 1.500000
-144.982254 155.100951 1.500000
107.310883 267.170354 1.500000
-100.910184 109.666949 1.500000
-201.870834 35.874942 1.500000
-218.861823 26.435804 1.500000
69.190312 156.858785 1.500000
-230.797089 158.541900 1.500000
208.879890 380.300191 1.500000
-156.951622 45.630517 1.500000
79.059652 223.599892 1.500000
-4.745061 242.057122 1.500000
-7.325046 290.122788 1.500000
-200.376610 264.239846 1.500000
189.067696 32.820766 1.500000
226.053780 260.672527 1.500000
-240.337582 147.876988 1.500000
-147.504919 315.313186 1.500000
234.341551 97.857561 1.500000
47.975279 294.722696 1.500000
-164.083604 261.975505 1.500000
-130.900480 275.803612 1.500000
103.165949 90.649179 1.500000
142.811747 276.411965 1.500000
77.325673 303.092038 1.500000
262.682386 215.208195 1.500000
21.371676 154.375018 1.500000
-79.321657 92.876046 1.500000
11.205380 135.126971 1.500000
-51.922979 317.722452 1.500000
-120.667479 181.870438 1.500000
-214.325358 292.796487 1.500000
-52.140733 300.905005 1.500000
129.259861 275.628804 1.500000
-231.176070 283.353865 1.500000
-12.196561 259.687449 1.500000
100.577036 228.978593 1.500000
83.372693 96.491242 1.500000
167.938468 345.359135 1.500000
184.415586 386.581943 1.500000
136.344097 199.928528 1.500000
-186.588659 376.460059 1.500000
14.159722 403.114324 1.500000
82.825151 207.583283 1.500000
-107.983625 299.385883 1.500000
-217.225455 271.433899 1.500000
-117.084735 119.192284 1.500000
0.000043 46.251154 1.500000
-23.737515 198.560616 1.500000
-149.304334 322.534117 1.500000
191.812507 147.200252 1.500000
247.248433 323.534055 1.500000
-132.888166 269.932805 1.500000
245.069150 288.788677 1.500000
-232.276106 130.841227 1.500000
247.524625 203.368722 1.500000
263.021449 91.718592 1.500000
-234.067035 118.115702 1.500000
162.316086 58.252526 1.500000
267.000184 71.798949 1.500000
234.110730 105.469639 1.500000
270.801065 237.726164 1.500000
51.076782 187.223119 1.500000
-198.474953 129.397322 1.500000
204.742103 351.240803 1.500000
82.286548 222.077559 1.500000
88.010295 377.073025 1.500000
-18.916616 263.695934 1.500000
60.392377 30.643572 1.500000
-162.516998 368.172320 1.500000
147.195903 355.143681 1.500000
-200.802471 266.434133 1.500000
144.902019 228.460648 1.500000
208.558191 198.442530 1.500000
9.699083 202.502583 1.500000
27.104673 314.402671 1.500000
-77.412139 221.090184 1.500000
276.465349 92.728201 1.500000
144.166073 54.966300 1.500000
-49.848104 72.361889 1.500000
-153.174006 123.977818 1.500000
-125.733676 167.371361 1.500000
6.853269 363.018210 1.500000
254.432145 117.468039 1.500000
150.806288 145.951115 1.500000
-126.979859 104.521085 1.500000
215.764614 233.052575 1.500000
-43.393754 260.164393 1.500000
206.080125 228.633752 1.500000
-112.749267 385.169048 1.500000
86.989340 403.114324 1.500000
247.248897 339.266916 1.500000
-103.614608 334.178727 1.500000
126.426711 161.356277 1.500000
275.467473 244.504279 1.500000
-162.032800 160.870536 1.500000
-195.327754 320.340944 1.500000
113.384130 93.407918 1.500000
-60.161159 107.023028 1.500000
-204.323947 41.365428 1.500000
4.014250 255.266913 1.500000
156.001300 284.062929 1.500000
-93.342677 34.455530 1.500000
-62.362762 216.318587 1.500000
207.551368 161.538011 1.500000
27.085626 322.497716 1.500000
201.248487 41.479000 1.500000
-4.141956 43.598896 1.500000
257.415120 263.110976 1.500000
104.816220 252.240004 1.500000
-176.139946 338.534391 1.500000
225.398788 244.483336 1.500000
15.060949 380.193956 1.500000
-172.661009 144.761139 1.500000
-157.466032 171.630722 1.500000
127.828285 393.601486 1.500000
-209.997177 71.201785 1.500000
-89.959339 327.264566 1.500000
-169.982546 30.930494 1.500000
-5.487330 206.572577 1.500000
-22.457486 84.764382 1.500000
35.995040 251.238572 1.500000
-92.130990 327.805197 1.500000
-223.179622 41.063423 1.500000
86.375623 90.819843 1.500000
-40.284752 155.876447 1.500000
101.184834 124.325549 1.500000
-185.866631 169.250563 1.500000
-240.337582 388.381854 1.500000
-110.587159 61.896607 1.500000
-3.131417 185.254677 1.500000
-31.502719 202.322158 1.500000
185.481400 130.589646 1.500000
-41.994023 127.320885 1.500000
41.508019 294.435340 1.500000
73.488310 263.339511 1.500000
-229.187974 325.799958 1.500000
36.068018 179.325365 1.500000
-56.483392 253.068805 1.500000
-19.676007 362.528360 1.500000
-188.624990 346.067321 1.500000
174.378012 375.870304 1.500000
256.682059 127.914341 1.500000
-231.970968 400.654402 1.500000
79.119446 337.804744 1.500000
165.788706 325.912523 1.500000
-86.771119 276.819830 1.500000
179.135289 397.943281 1.500000
98.962811 194.473748 1.500000
254.288381 302.297860 1.500000
277.428339 290.371197 1.500000
-218.657065 301.437291 1.500000
-11.455579 308.235413 1.500000
47.820644 96.216616 1.500000
-161.483228 156.038834 1.500000
-63.068481 177.956381 1.500000
274.240697 307.099289 1.500000
-232.648059 299.662307 1.500000
-0.043194 340.740033 1.500000
200.452695 320.055890 1.500000
-69.225633 251.521268 1.500000
13.690990 75.587634 1.500000
278.201570 267.619588 1.500000
14.941439 359.948662 1.500000
-172.508305 271.271317 1.500000
-212.542032 368.099679 1.500000
258.305469 397.551581 1.500000
-98.374443 160.356133 1.500000
26.790111 295.255116 1.500000
-188.285442 236.301406 1.500000
-24.171288 196.492971 1.500000
250.849233 112.843243 1.500000
25.770517 125.787566 1.500000
270.501826 93.932673 1.500000
-110.788031 259.436495 1.500000
25.248455 76.468956 1.500000
210.288275 189.359395 1.500000
0.813053 223.701436 1.500000
-91.991833 189.001310 1.500000
207.897307 347.014245 1.500000
-41.121378 193.527426 1.500000
40.992576 61.608612 1.500000
276.136151 401.175896 1.500000
-142.754903 343.033475 1.500000
-79.763877 274.374732 1.500000
-225.016493 313.635796 1.500000
-30.735562 79.762688 1.500000
-131.912976 311.625629 1.500000
112.953802 108.032696 1.500000
-149.012143 209.684274 1.500000
121.213641 88.605417 1.500000
-98.755405 304.903705 1.500000
-57.013857 123.076338 1.500000
-61.286498 126.174048 1.500000
137.834464 65.870269 1.500000
1.969060 297.236344 1.500000
-50.973637 132.527045 1.500000
208.639295 223.946875 1.500000
60.665892 151.499674 1.500000
-124.322658 313.592296 1.500000
239.289448 112.361555 1.500000
-61.283414 376.659644 1.500000
-223.197186 149.150160 1.500000
21.359449 62.306060 1.500000
-170.158815 117.964831 1.500000
-115.935113 52.328666 1.500000
155.753881 195.902518 1.500000
-173.975517 123.688547 1.500000
184.783816 363.343120 1.500000
249.692172 219.661697 1.500000
79.185483 115.163961 1.500000
133.494505 197.734178 1.500000
137.368280 101.674105 1.500000
286.412063 98.936116 1.500000
-61.599110 140.937033 1.500000
-160.552139 66.157668 1.500000
32.527263 98.779027 1.500000
41.449519 378.488068 1.500000
-146.016542 274.409372 1.500000
82.145318 377.054613 1.500000
-228.434239 124.787011 1.500000
248.720063 343.669461 1.500000
-101.287564 160.845192 1.500000
-221.832374 83.023879 1.500000
-188.557359 324.860210 1.500000
-112.798838 46.645928 1.500000
-95.321351 186.919701 1.500000
-226.232918 334.060789 1.500000
-93.320651 262.164190 1.500000
-139.137145 226.081424 1.500000
-42.772644 156.916614 1.500000
-39.830545 55.506819 1.500000
-60.550130 403.114324 1.500000
-68.281228 93.647887 1.500000
-194.844644 129.701578 1.500000
-229.645901 113.389529 1.500000
-134.263901 373.829121 1.500000
161.000686 314.150840 1.500000
282.191030 197.719676 1.500000
248.051885 388.243261 1.500000
26.185256 45.983794 1.500000
43.893600 362.808535 1.500000
-73.160610 50.653061 1.500000
168.115345 168.343133 1.500000
164.413320 44.382313 1.500000
203.908541 403.114324 1.500000
231.921339 373.841280 1.500000
-13.011136 247.788692 1.500000
158.962191 109.320787 1.500000
185.461169 131.899054 1.500000
-76.816545 198.642529 1.500000
248.277301 143.741481 1.500000
-187.535766 32.935872 1.500000
281.228545 273.410059 1.500000
159.993277 258.088288 1.500000
-193.298513 360.741305 1.500000
100.708334 202.284297 1.500000
-221.319480 156.230284 1.500000
163.101886 222.152762 1.500000
183.606876 98.516105 1.500000
79.873201 260.062748 1.500000
208.238403 318.076656 1.500000
-191.201919 83.257322 1.500000
-93.391477 149.006619 1.500000
-19.230200 352.653816 1.500000
-224.010732 213.513107 1.500000
-3.394904 231.029034 1.500000
-107.229260 302.263237 1.500000
-35.110102 241.249176 1.500000
-13.133951 53.832119 1.500000
231.921546 328.290904 1.500000
-98.652043 375.905509 1.500000
226.699946 43.877128 1.500000
-17.498004 74.723509 1.500000
-67.466772 294.439639 1.500000
22.349738 251.286122 1.500000
-23.065925 170.724841 1.500000
-106.047357 233.207082 1.500000
25.635306 288.364247 1.500000
-160.884300 214.454771 1.500000
-57.603418 81.226948 1.500000
55.682028 59.642367 1.500000
-23.816512 187.018639 1.500000
190.659682 373.106010 1.500000
-107.230920 241.778559 1.500000
272.420160 167.558274 1.500000
172.323501 366.814640 1.500000
264.081240 170.085284 1.500000
204.225397 216.846311 1.500000
-164.234230 75.724300 1.500000
32.825685 306.725182 1.500000
-151.897593 294.617141 1.500000
188.287089 328.606501 1.500000
69.400340 144.970294 1.500000
-102.680706 187.841142 1.500000
249.110026 87.757991 1.500000
-180.230952 388.178149 1.500000
52.236335 56.824371 1.500000
143.686462 269.219280 1.500000
-207.352146 294.012587 1.500000
72.340720 86.259134 1.500000
190.013679 167.704543 1.500000
-201.845239 43.436170 1.500000
29.653444 234.069349 1.500000
-99.472418 401.773017 1.500000
117.611190 183.830302 1.500000
-178.202686 392.415124 1.500000
251.506337 75.911846 1.500000
227.992153 177.319855 1.500000
-149.016346 366.403023 1.500000
-66.312957 355.494244 1.500000
68.138451 144.300190 1.500000
140.527566 285.554610 1.500000
-3.939327 361.710897 1.500000
-161.254094 316.175594 1.500000
-188.268262 263.154816 1.500000
286.412063 82.499048 1.500000
-0.691209 50.594501 1.500000
217.287344 258.708890 1.500000
10.618287 213.263327 1.500000
245.089609 114.827217 1.500000
-189.586675 141.869434 1.500000
-178.221699 173.982389 1.500000
249.891130 205.728999 1.500000
263.519606 171.831600 1.500000
-70.372953 169.315903 1.500000
-52.252237 69.612209 1.500000
6.318777 348.211825 1.500000
-21.866834 257.191957 1.500000
-136.937246 80.581159 1.500000
231.702342 184.673049 1.500000
-104.199348 183.852593 1.500000
130.419248 252.446817 1.500000
-203.579247 255.379780 1.500000
-212.754924 268.804564 1.500000
106.870268 289.259952 1.500000
-60.330576 66.396581 1.500000
102.601312 141.947358 1.500000
-190.247261 36.350993 1.500000
256.972287 196.049427 1.500000
156.603077 188.907268 1.500000
223.821505 310.379292 1.500000
-168.990672 89.262307 1.500000
-66.702309 264.299663 1.500000
-41.743736 138.170762 1.500000
43.066859 168.155905 1.500000
-82.265679 297.056617 1.500000
-210.165732 54.986778 1.500000
-46.847568 157.502245 1.500000
-109.487844 174.817681 1.500000
-38.488690 298.455490 1.500000
-136.902379 98.481333 1.500000
-107.364861 384.772678 1.500000
91.639782 402.311359 1.500000
-32.811303 335.276351 1.500000
-58.430755 138.244109 1.500000
32.805294 273.641022 1.500000
165.480705 54.110422 1.500000
-44.949179 355.590023 1.500000
67.309245 222.292790 1.500000
272.965116 92.507937 1.500000
27.311838 149.722148 1.500000
236.448881 325.897764 1.500000
180.217900 355.740720 1.500000
-211.513315 222.382550 1.500000
-16.645194 206.261988 1.500000
133.598610 311.819708 1.500000
280.547729 339.578747 1.500000
3.914874 309.929563 1.500000
-189.978868 171.389044 1.500000
56.185643 265.360741 1.500000
-169.878075 349.803430 1.500000
161.241119 74.145236 1.500000
22.030545 173.229988 1.500000
140.623682 49.898873 1.500000
217.468855 180.118721 1.500000
89.672731 313.843721 1.500000
85.207799 106.521297 1.500000
157.902716 234.020936 1.500000
209.201709 38.623679 1.500000
220.736990 363.778203 1.500000
-217.053882 329.370867 1.500000
49.037967 225.389684 1.500000
-128.836058 288.182889 1.500000
210.678236 67.577887 1.500000
105.175025 347.885892 1.500000
-21.887069 295.648668 1.500000
-144.067550 68.431584 1.500000
-65.121074 399.587443 1.500000
138.636150 34.929046 1.500000
-133.117960 263.462022 1.500000
-189.453135 88.337620 1.500000
224.009399 297.943873 1.500000
165.087723 52.347590 1.500000
-140.416673 52.999301 1.500000
-89.299588 206.097864 1.500000
269.505917 403.114324 1.500000
133.354959 133.648139 1.500000
78.875420 259.768505 1.500000
-73.722392 227.076248 1.500000
-81.263849 340.501679 1.500000
-221.587340 131.962800 1.500000
146.382834 234.228250 1.500000
-218.774901 385.408826 1.500000
-239.550291 150.835862 1.500000
146.611143 188.890471 1.500000
252.122859 361.249657 1.500000
160.354581 151.397842 1.500000
5.959437 172.351406 1.500000
13.542759 141.124447 1.500000
-4.728465 325.655201 1.500000
-70.925284 378.048996 1.500000
37.342939 268.902553 1.500000
-12.391234 261.430661 1.500000
75.896109 176.302666 1.500000
231.995224 29.622793 1.500000
282.875128 93.651608 1.500000
-194.275617 79.738897 1.500000
-34.914319 69.346568 1.500000
-146.649700 272.085496 1.500000
-57.995876 79.225596 1.500000
-90.664693 56.219804 1.500000
-145.455724 166.151385 1.500000
165.675283 121.647629 1.500000
22.747168 82.675914 1.500000
239.024389 81.816495 1.500000
-220.908187 125.741655 1.500000
-201.146203 228.047663 1.500000
-27.392696 312.838181 1.500000
-192.112123 346.608692 1.500000
-105.907772 308.702933 1.500000
281.107657 264.090894 1.500000
-133.328847 375.118315 1.500000
-132.803506 224.436386 1.500000
63.666019 266.653549 1.500000
27.386908 183.804742 1.500000
66.907211 142.711067 1.500000
-43.104426 152.342040 1.500000
193.685987 85.035159 1.500000
-168.090857 326.750308 1.500000
-16.214080 47.162244 1.500000
127.035553 277.755427 1.500000
220.832569 350.759159 1.500000
-50.155572 211.305891 1.500000
58.837291 55.877451 1.500000
-203.730666 192.316463 1.500000
-152.965949 161.527091 1.500000
-202.604329 395.117313 1.500000
147.455972 284.815320 1.500000
-85.926669 295.907462 1.500000
144.936198 217.681056 1.500000
-207.517715 290.649661 1.500000
214.118689 297.066286 1.500000
197.480710 54.055201 1.500000
-192.776108 108.133394 1.500000
-226.835498 34.479644 1.500000
-207.807956 222.571707 1.500000
213.252284 357.186087 1.500000
-114.640671 259.729297 1.500000
45.884684 210.769454 1.500000
-19.870117 373.552690 1.500000
180.265266 91.875067 1.500000
21.690988 55.207346 1.500000
23.310962 376.252869 1.500000
276.084065 363.497764 1.500000
-155.002623 282.086003 1.500000
198.703636 118.835921 1.500000
-212.564997 390.169224 1.500000
7.759824 311.597456 1.500000
226.587620 278.847767 1.500000
112.124291 109.665132 1.500000
122.108037 224.048107 1.500000
-103.674958 333.221910 1.500000
-20.024655 352.922906 1.500000
-49.089157 241.730875 1.500000
39.324928 221.823231 1.500000
5.825438 290.017995 1.500000
-69.716996 227.143606 1.500000
-82.931187 185.000293 1.500000
-107.367465 58.857740 1.500000
-49.527526 71.879531 1.500000
-162.610882 314.802612 1.500000
215.637407 34.602853 1.500000
73.794368 46.223936 1.500000
-169.377619 367.723063 1.500000
124.351940 294.184363 1.500000
213.659972 33.806469 1.500000
-113.432991 141.762485 1.500000
-164.463858 314.119196 1.500000
-240.337582 179.283804 1.500000
-214.253968 207.466200 1.500000
159.987444 199.387104 1.500000
283.656892 101.676459 1.500000
-215.851296 298.325141 1.500000
147.760969 65.544366 1.500000
-205.542484 215.310881 1.500000
69.542327 94.018424 1.500000
159.250915 45.897933 1.500000
-54.285051 82.745209 1.500000
-234.119269 351.855573 1.500000
69.169748 90.584504 1.500000
281.818730 130.950853 1.500000
-103.527618 80.853018 1.500000
-136.138588 305.004932 1.500000
-174.322936 191.893883 1.500000
49.692914 383.886137 1.500000
78.318677 273.756242 1.500000
176.441266 224.613852 1.500000
158.664198 274.247742 1.500000
227.969646 38.148758 1.500000
184.375235 381.638519 1.500000
-112.493538 391.358659 1.500000
53.437423 134.550559 1.500000
-81.264454 269.970364 1.500000
-68.107648 103.844658 1.500000
248.910760 234.590962 1.500000
119.921298 316.310681 1.500000
270.552524 379.395133 1.500000
-25.282882 156.827279 1.500000
43.817058 291.750272 1.500000
15.927201 298.658470 1.500000
-184.210741 107.218365 1.500000
-114.091679 264.553568 1.500000
39.576935 271.008474 1.500000
-205.331196 313.273362 1.500000
246.941650 403.114324 1.500000
-177.018727 37.991730 1.500000
-134.296402 109.145858 1.500000
163.204309 82.732336 1.500000
-190.926624 83.209456 1.500000
231.530428 197.746166 1.500000
143.778615 355.306761 1.500000
-204.856527 193.819479 1.500000
126.350762 278.457898 1.500000
95.010536 167.268181 1.500000
157.657443 144.047206 1.500000
198.764285 340.010048 1.500000
138.468551 269.422626 1.500000
69.233848 154.795078 1.500000
-77.046391 366.934177 1.500000
124.038308 219.228376 1.500000
260.996777 98.571729 1.500000
68.183343 210.242671 1.500000
109.948894 280.614373 1.500000
-9.614790 166.238077 1.500000
158.806027 347.798928 1.500000
283.128529 228.483148 1.500000
-153.778473 207.553739 1.500000
-128.292807 349.782396 1.500000
42.751091 202.603736 1.500000
11.235733 184.647242 1.500000
58.680603 62.707407 1.500000
-214.231441 163.106931 1.500000
-28.962392 170.471106 1.500000
61.555025 94.082728 1.500000
63.541499 247.018825 1.500000
108.973419 79.601177 1.500000
142.881337 109.472401 1.500000
102.396848 239.323026 1.500000
176.601633 125.098642 1.500000
85.782144 272.965087 1.500000
41.480340 288.239713 1.500000
74.502009 137.516533 1.500000
-191.623688 61.294515 1.500000
-95.686683 213.786355 1.500000
39.087100 62.535996 1.500000
225.383244 217.496599 1.500000
117.103303 306.698327 1.500000
-196.788663 262.019135 1.500000
71.277277 191.545857 1.500000
-124.384553 383.347748 1.500000
144.831685 64.100848 1.500000
196.547842 357.932751 1.500000
68.621881 324.246014 1.500000
71.554627 184.705291 1.500000
-60.029970 81.523826 1.500000
-1.016329 84.098856 1.500000
215.762314 374.822566 1.500000
143.800507 113.037433 1.500000
32.110785 354.825150 1.500000
-47.284174 218.476998 1.500000
-209.756531 197.695532 1.500000
-169.123237 257.847129 1.500000
-139.871053 103.672639 1.500000
-40.272594 185.325245 1.500000
256.356413 380.330106 1.500000
24.894983 118.100463 1.500000
-117.431606 371.158034 1.500000
-184.282279 402.762678 1.500000
-58.877015 46.303772 1.500000
192.120935 222.447097 1.500000
-38.377530 91.680124 1.500000
169.856743 264.205282 1.500000
183.512358 393.498857 1.500000
-179.385420 370.287189 1.500000
77.188618 372.974799 1.500000
270.081587 101.852779 1.500000
-27.850855 231.131219 1.500000
-221.747729 117.384865 1.500000
250.990363 364.388472 1.500000
225.148483 99.374205 1.500000
33.513758 90.788029 1.500000
48.744504 31.634168 1.500000
-127.484526 103.919117 1.500000
188.642646 101.709284 1.500000
20.569092 55.779299 1.500000
-224.151100 354.169851 1.500000
118.563562 319.285920 1.500000
258.790366 123.042252 1.500000
198.975587 323.156830 1.500000
-93.510373 184.243671 1.500000
-211.069502 314.417733 1.500000
256.823997 152.069684 1.500000
252.980592 242.049369 1.500000
37.051071 165.929031 1.500000
103.418404 97.642226 1.500000
6.119440 250.112350 1.500000
-14.387843 312.028824 1.500000
-174.314545 308.033171 1.500000
-190.754141 163.588725 1.500000
-124.789940 221.868677 1.500000
196.675345 315.300828 1.500000
-161.610903 44.205401 1.500000
-121.229391 40.743567 1.500000
47.385129 165.818843 1.500000
-134.503950 112.222487 1.500000
-154.407900 166.940615 1.500000
53.143713 63.701148 1.500000
-48.617730 252.750962 1.500000
92.041912 278.474462 1.500000
237.078831 323.418268 1.500000
-163.603071 264.913252 1.500000
241.370015 171.101140 1.500000
237.665774 374.583396 1.500000
195.175890 301.699391 1.500000
96.593697 224.240403 1.500000
82.488442 102.749206 1.500000
92.005293 268.944504 1.500000
118.762846 246.987273 1.500000
-236.612140 286.601920 1.500000
265.346990 320.948765 1.500000
65.195623 374.089322 1.500000
167.068694 377.344878 1.500000
-40.465117 265.411347 1.500000
-231.335506 388.839316 1.500000
31.317544 368.904626 1.500000
29.450487 31.479054 1.500000
-12.907940 265.443058 1.500000
-60.563471 95.137086 1.500000
-107.251164 134.574700 1.500000
36.121844 138.606069 1.500000
-42.165699 203.646621 1.500000
266.818838 30.356926 1.500000
-151.130984 116.411471 1.500000
-70.838496 40.724166 1.500000
-80.971380 269.033560 1.500000
49.304652 359.824441 1.500000
24.640691 400.348995 1.500000
98.991580 194.635519 1.500000
259.849821 121.533654 1.500000
-94.440276 341.309949 1.500000
122.073076 65.932050 1.500000
-229.556228 393.263816 1.500000
-100.400269 295.255416 1.500000
6.761463 217.913526 1.500000
-221.801368 65.368567 1.500000
88.567586 31.941166 1.500000
117.179063 226.792168 1.500000
150.054293 183.534059 1.500000
31.618056 343.819992 1.500000
75.615544 267.603153 1.500000
-29.736772 192.783156 1.500000
-219.684824 112.919453 1.500000
-187.983572 207.769229 1.500000
106.762155 88.323900 1.500000
281.847535 280.234265 1.500000
-229.121301 252.532276 1.500000
49.326538 328.931630 1.500000
156.175665 195.061420 1.500000
194.893068 127.862913 1.500000
49.330931 341.351713 1.500000
82.079818 287.010416 1.500000
122.069662 292.431561 1.500000
214.372718 224.269666 1.500000
-177.094378 361.357164 1.500000
247.256154 115.058942 1.500000
-228.612171 177.453142 1.500000
202.868771 326.638595 1.500000
-199.016941 80.648353 1.500000
-137.095248 329.079629 1.500000
-240.337582 156.354055 1.500000
-4.294254 74.391043 1.500000
-67.190617 57.491432 1.500000
-154.876534 345.452131 1.500000
-6.822043 322.206888 1.500000
-28.858487 132.737060 1.500000
167.221014 66.041592 1.500000
230.798574 117.809999 1.500000
102.076523 108.409195 1.500000
-174.477015 299.796432 1.500000
-84.429744 101.832282 1.500000
240.950712 108.268284 1.500000
-193.064716 36.889264 1.500000
-29.146396 246.078760 1.500000
256.446006 286.182955 1.500000
255.159040 271.432809 1.500000
-22.009584 245.642841 1.500000
107.905244 390.602017 1.500000
3.785793 206.264501 1.500000
149.211781 350.379062 1.500000
-218.678852 267.981271 1.500000
-169.320517 56.674958 1.500000
79.591616 334.821603 1.500000
-116.943589 248.805782 1.500000
112.361375 268.138995 1.500000
-56.181186 90.577789 1.500000
229.380469 187.649697 1.500000
188.817345 361.312607 1.500000
18.065478 102.389985 1.500000
165.878397 28.842317 1.500000
-99.130984 124.628877 1.500000
14.211044 210.523011 1.500000
-136.387982 334.374620 1.500000
212.788880 272.315519 1.500000
196.447541 372.967676 1.500000
231.011602 193.704513 1.500000
219.954884 170.013536 1.500000
268.739882 108.671802 1.500000
-119.181686 112.176260 1.500000
252.148671 307.985356 1.500000
61.909064 59.964189 1.500000
-16.414832 117.431398 1.500000
60.302319 355.854383 1.500000
-59.597290 240.587450 1.500000
-91.376418 41.017736 1.500000
-111.308948 291.576474 1.500000
-198.618323 221.454497 1.500000
20.897990 352.466338 1.500000
228.401108 282.028977 1.500000
89.130681 26.435804 1.500000
32.555263 100.432327 1.500000
-13.148869 127.170992 1.500000
2.639875 291.646510 1.500000
-127.180657 217.216576 1.500000
190.185126 306.707124 1.500000
-138.808000 217.369308 1.500000
142.861368 146.143234 1.500000
155.393573 71.698733 1.500000
62.394332 107.914646 1.500000
219.763031 174.935453 1.500000
-87.112686 228.895182 1.500000
228.094288 380.507407 1.500000
145.836543 116.290841 1.500000
180.382000 279.220120 1.500000
109.337608 86.460393 1.500000
199.115349 291.781197 1.500000
281.819556 34.548322 1.500000
-18.320292 272.447274 1.500000
189.087204 89.740119 1.500000
159.267118 93.575753 1.500000
-0.945509 239.731775 1.500000
249.822910 160.758385 1.500000
-29.078974 206.181331 1.500000
59.142892 140.291853 1.500000
-184.790630 385.806754 1.500000
-121.654141 139.653822 1.500000
201.446864 228.203976 1.500000
-30.120943 345.373153 1.500000
-33.264890 275.502514 1.500000
-108.892359 146.713735 1.500000
15.590725 231.376348 1.500000
184.566761 58.015594 1.500000
235.846001 232.458662 1.500000
-204.078700 190.319773 1.500000
67.978039 309.474439 1.500000
6.289513 342.990585 1.500000
83.065640 101.271270 1.500000
-4.385417 56.413491 1.500000
-31.285834 172.872713 1.500000
2.283747 225.517100 1.500000
68.870777 169.359124 1.500000
30.133286 260.373857 1.500000
9.805628 216.537255 1.500000
192.080840 378.323608 1.500000
151.884454 180.544272 1.500000
-57.043214 61.065396 1.500000
181.248315 136.224741 1.500000
210.124265 247.489030 1.500000
-164.181267 121.092385 1.500000
65.002172 124.304058 1.500000
-88.947531 145.308017 1.500000
151.742811 312.730438 1.500000
-111.752675 382.242930 1.500000
108.586443 160.416627 1.500000
-110.384099 99.215546 1.500000
30.659625 186.143161 1.500000
257.121183 157.698338 1.500000
-36.800194 401.799887 1.500000
216.066850 201.732210 1.500000
279.239896 282.197676 1.500000
220.387081 370.756925 1.500000
-151.526308 267.786137 1.500000
188.323614 120.873312 1.500000
-229.303192 252.145312 1.500000
-32.652136 178.822560 1.500000
219.900204 186.993050 1.500000
125.484766 394.892209 1.500000
39.207594 131.218746 1.500000
-33.703300 199.874953 1.500000
188.996867 86.945513 1.500000
137.389270 90.046124 1.500000
6.228590 253.003097 1.500000
224.588528 307.319321 1.500000
-119.415524 269.125286 1.500000
-150.318563 155.119842 1.500000
99.813655 45.459716 1.500000
267.062045 203.560238 1.500000
-111.031404 215.452273 1.500000
-106.219488 318.117027 1.500000
-167.168870 267.907854 1.500000
212.046762 353.458088 1.500000
-115.363779 321.649888 1.500000
21.501516 163.610152 1.500000
285.303608 269.347438 1.500000
-230.878617 305.541652 1.500000
52.115769 387.644546 1.500000
29.411818 187.055692 1.500000
184.875660 271.945137 1.500000
-52.647314 173.450168 1.500000
-25.974041 308.464652 1.500000
-153.160755 363.697391 1.500000
148.820904 369.406691 1.500000
172.037664 87.598007 1.500000
-169.282495 100.674285 1.500000
-39.806682 307.985983 1.500000
230.292754 262.722087 1.500000
-240.337582 365.013348 1.500000
-88.566781 146.549001 1.500000
50.980591 348.580243 1.500000
-65.496632 284.264428 1.500000
-93.212142 103.223877 1.500000
0.369310 69.924212 1.500000
-142.716979 291.364354 1.500000
42.790762 90.168712 1.500000
130.030037 328.573059 1.500000
62.556338 240.590422 1.500000
-186.106200 204.291246 1.500000
205.141284 132.973243 1.500000
-147.046819 395.748979 1.500000
161.305106 300.246101 1.500000
-48.348885 323.448298 1.500000
171.862752 313.610496 1.500000
-137.179712 240.854637 1.500000
-143.079083 385.942869 1.500000
17.921070 247.813206 1.500000
-222.651825 222.004567 1.500000
-124.412806 129.050626 1.500000
142.470000 126.271098 1.500000
200.888158 304.630337 1.500000
-201.527947 150.943805 1.500000
222.818924 301.082914 1.500000
181.616010 385.390855 1.500000
221.212291 181.780203 1.500000
124.852147 64.566178 1.500000
111.479985 278.076455 1.500000
42.108047 30.992735 1.500000
103.488553 322.332867 1.500000
244.077514 224.584812 1.500000
-189.605826 211.425831 1.500000
-73.363095 241.755224 1.500000
-197.026663 222.382569 1.500000
258.101302 149.244036 1.500000
-2.599266 138.023350 1.500000
115.486830 180.691392 1.500000
199.644703 362.404044 1.500000
279.621736 82.505818 1.500000
-158.472136 148.303844 1.500000
181.458759 101.666158 1.500000
230.783781 187.735643 1.500000
-214.109462 76.038355 1.500000
155.956007 315.969915 1.500000
-55.855064 66.965016 1.500000
102.376885 272.423715 1.500000
26.722727 127.797012 1.500000
-106.920746 201.314448 1.500000
-166.409288 105.580431 1.500000
-179.568874 306.756149 1.500000
-186.804666 389.252917 1.500000
95.110897 111.035031 1.500000
-53.054428 384.083441 1.500000
-125.729487 149.924733 1.500000
121.883400 233.745676 1.500000
119.338906 297.746165 1.500000
43.083792 105.079082 1.500000
253.057775 194.882405 1.500000
-37.427302 54.976106 1.500000
199.579471 287.525816 1.500000
-200.619075 180.042273 1.500000
149.259511 355.659387 1.500000
277.985593 129.891833 1.500000
208.928880 373.712121 1.500000
63.553669 81.120352 1.500000
90.198881 255.106252 1.500000
-60.423443 143.802189 1.500000
116.935492 97.342282 1.500000
162.169145 57.439375 1.500000
282.541850 276.008972 1.500000
26.333642 113.045415 1.500000
-207.297109 243.755426 1.500000
77.208448 398.428480 1.500000
-175.075742 148.539117 1.500000
-108.457953 39.986021 1.500000
-67.750095 80.769442 1.500000
149.551350 74.057578 1.500000
-140.976656 196.441229 1.500000
-152.903271 304.074941 1.500000
-215.862814 137.262266 1.500000
219.231047 77.373261 1.500000
125.122871 266.983731 1.500000
-219.426597 138.904872 1.500000
-224.290019 243.351440 1.500000
59.163827 378.002493 1.500000
-95.128329 139.387989 1.500000
77.414875 221.199401 1.500000
-12.514690 330.131428 1.500000
249.825972 285.991372 1.500000
-89.734622 309.358817 1.500000
118.640261 317.356510 1.500000
-212.341025 237.366840 1.500000
257.969838 223.986304 1.500000
281.492996 294.447242 1.500000
146.141455 286.006144 1.500000
4.964571 279.639948 1.500000
-127.613381 171.066754 1.500000
183.644107 336.810806 1.500000
146.921857 118.096712 1.500000
-125.203904 86.205661 1.500000
-6.166531 159.265299 1.500000
3.335296 125.658943 1.500000
190.528161 269.849277 1.500000
120.253784 115.512116 1.500000
98.068713 269.851243 1.500000
94.517564 220.504045 1.500000
-99.436893 83.641782 1.500000
-43.133578 123.677485 1.500000
-219.475627 219.345213 1.500000
175.718758 305.672285 1.500000
-10.957888 172.577159 1.500000
-12.548847 116.390460 1.500000
-111.133103 133.289756 1.500000
-127.546863 62.210838 1.500000
66.668144 41.322254 1.500000
-118.457795 400.077605 1.500000
-203.064875 57.895199 1.500000
161.373780 71.364569 1.500000
-40.654966 352.941283 1.500000
-43.286197 283.129135 1.500000
-13.623716 190.489980 1.500000
190.327169 274.132972 1.500000
-78.550441 379.523625 1.500000
157.354754 60.271465 1.500000
255.855325 112.657107 1.500000
108.452038 348.653212 1.500000
-14.516861 327.436497 1.500000
150.246643 401.723794 1.500000
2.745090 147.841634 1.500000
-23.005384 378.099486 1.500000
37.991179 154.920338 1.500000
-71.836786 298.132581 1.500000
-186.766072 355.672610 1.500000
-18.596750 90.573849 1.500000
-176.878847 101.256170 1.500000
-20.566320 247.749751 1.500000
56.990935 345.482019 1.500000
253.064546 58.224554 1.500000
-221.799165 349.557553 1.500000
94.656650 154.998913 1.500000
1.229798 182.462339 1.500000
-228.941870 152.684634 1.500000
-108.954353 371.647866 1.500000
-181.314817 69.790357 1.500000
-122.256123 240.513597 1.500000
-97.425014 89.172346 1.500000
-26.190779 378.050419 1.500000
41.812390 328.833431 1.500000
-238.006139 112.038814 1.500000
-157.148861 135.319850 1.500000
-192.074756 169.351353 1.500000
41.171457 178.946548 1.500000
-67.346914 340.054704 1.500000
50.938861 242.140211 1.500000
-124.204751 187.961902 1.500000
-229.345019 297.632291 1.500000
254.633858 201.178090 1.500000
-179.640220 70.784676 1.500000
-173.677878 61.160621 1.500000
-157.570345 151.446848 1.500000
274.837278 253.740111 1.500000
85.666425 73.291286 1.500000
79.832227 227.374887 1.500000
285.628804 130.673566 1.500000
-193.213376 286.818435 1.500000
279.364645 38.282538 1.500000
-134.134112 202.315576 1.500000
92.447849 46.019869 1.500000
-18.704703 149.154231 1.500000
-35.581134 32.073096 1.500000
246.535377 204.866451 1.500000
-160.686687 314.527021 1.500000
281.660804 63.188069 1.500000
-39.862301 305.201013 1.500000
96.849198 248.512152 1.500000
269.224696 213.097301 1.500000
-206.709413 252.161546 1.500000
247.423555 151.389750 1.500000
55.055013 294.046610 1.500000
125.008065 324.421080 1.500000
-160.264032 320.652920 1.500000
45.367654 134.428253 1.500000
111.543690 273.407312 1.500000
6.282737 81.720907 1.500000
-158.718674 212.990683 1.500000
-117.624026 27.854079 1.500000
205.030876 100.324332 1.500000
-219.870151 261.420574 1.500000
133.443970 355.089521 1.500000
286.412063 42.730522 1.500000
-239.990291 239.919509 1.500000
-155.151341 260.518270 1.500000
114.787972 378.118168 1.500000
-209.166475 268.659890 1.500000
69.186261 66.542724 1.500000
118.871131 80.514493 1.500000
69.992235 260.464112 1.500000
-47.068926 110.481796 1.500000
127.713338 368.559375 1.500000
76.324759 373.144638 1.500000
-134.568611 385.847661 1.500000
50.858815 140.914954 1.500000
227.257626 291.664964 1.500000
108.086039 274.630830 1.500000
7.039999 43.097942 1.500000
-72.779569 129.922186 1.500000
-196.997588 108.162620 1.500000
-115.855119 173.796183 1.500000
-236.153546 383.904589 1.500000
281.315263 346.072924 1.500000
-123.156929 135.924951 1.500000
190.411553 220.161955 1.500000
-152.992196 98.588313 1.500000
-88.242239 124.956136 1.500000
-21.535238 49.358646 1.500000
-75.782685 264.087395 1.500000
181.143296 275.200321 1.500000
266.429235 339.945775 1.500000
219.045759 349.375027 1.500000
-155.842876 89.323717 1.500000
166.230826 304.512113 1.500000
-160.394417 75.880969 1.500000
246.019919 164.272950 1.500000
32.564967 224.074585 1.500000
-63.828413 45.881615 1.500000
-157.941472 83.646061 1.500000
-229.232263 122.817309 1.500000
-108.523244 82.010162 1.500000
247.554770 384.227908 1.500000
180.457749 139.368755 1.500000
268.539519 213.106890 1.500000
-189.012007 400.306005 1.500000
71.777183 241.079925 1.500000
-111.007629 178.755863 1.500000
44.231799 373.700434 1.500000
-72.896478 114.621605 1.500000
-90.302835 93.884456 1.500000
67.760682 224.736455 1.500000
-143.610356 190.249192 1.500000
1.010312 324.921645 1.500000
99.735824 36.322020 1.500000
-172.030857 255.715416 1.500000
250.131604 292.583892 1.500000
30.926090 393.195850 1.500000
194.228718 81.856883 1.500000
106.897218 122.873646 1.500000
133.003762 376.956042 1.500000
140.181500 262.583185 1.500000
217.933208 44.503197 1.500000
85.783746 58.505729 1.500000
-94.634053 321.654019 1.500000
-192.264893 241.067347 1.500000
80.784427 237.989704 1.500000
-201.193635 354.375807 1.500000
-114.456148 123.843920 1.500000
-203.671809 85.241043 1.500000
43.820938 258.528298 1.500000
-159.469911 354.279588 1.500000
80.754079 128.559379 1.500000
175.138053 279.447184 1.500000
190.586395 88.867588 1.500000
-76.884616 96.582347 1.500000
47.238252 367.712196 1.500000
55.151212 71.215328 1.500000
9.590848 35.043999 1.500000
102.740817 318.196593 1.500000
-129.992319 164.213070 1.500000
273.541829 176.117796 1.500000
-192.290929 330.670075 1.500000
198.745466 91.458857 1.500000
77.725651 275.984241 1.500000
-108.166715 143.267214 1.500000
153.441608 63.473856 1.500000
-197.761885 286.488631 1.500000
166.725981 147.749396 1.500000
73.607988 347.656945 1.500000
-188.844351 371.173463 1.500000
-199.547835 339.739215 1.500000
157.367538 145.831662 1.500000
-89.448538 113.653467 1.500000
229.372017 363.627012 1.500000
162.215079 194.687816 1.500000
123.070884 291.373012 1.500000
-93.321008 341.922455 1.500000
131.246356 137.226978 1.500000
260.347170 68.534533 1.500000
-190.099106 264.852696 1.500000
-67.334709 249.911971 1.500000
-116.506272 122.998001 1.500000
-32.326600 244.308756 1.500000
147.157685 315.062907 1.500000
9.377274 159.248122 1.500000
57.905112 114.481311 1.500000
-71.761990 299.929969 1.500000
-163.863796 330.169768 1.500000
-97.689173 390.675551 1.500000
217.639186 79.727194 1.500000
75.995406 358.376143 1.500000
-42.879205 318.511037 1.500000
174.684305 287.812018 1.500000
-211.191361 147.329750 1.500000
-111.171291 43.003008 1.500000
-117.267518 219.645428 1.500000
274.517431 137.631031 1.500000
128.374858 138.809246 1.500000
84.775781 373.997696 1.500000
-238.948436 84.926471 1.500000
-140.595397 375.471767 1.500000
94.614952 220.078754 1.500000
-42.715968 338.942220 1.500000
249.441681 135.360116 1.500000
164.667003 268.615256 1.500000
-8.911131 234.615770 1.500000
155.225966 372.386332 1.500000
271.311069 93.464591 1.500000
0.259590 100.815592 1.500000
103.721245 384.359503 1.500000
243.941492 60.586062 1.500000
-110.000907 262.973389 1.500000
226.911338 50.889713 1.500000
-186.333221 57.289262 1.500000
99.127448 250.488366 1.500000
170.429588 229.185001 1.500000
85.376040 245.795046 1.500000
16.136032 203.505171 1.500000
87.822099 312.253567 1.500000
-165.264316 399.774723 1.500000
-127.523087 130.724008 1.500000
-102.964697 146.973325 1.500000
71.373718 148.851855 1.500000
-3.673348 324.372523 1.500000
-108.426645 156.478861 1.500000
228.135887 285.177107 1.500000
-47.721350 194.663970 1.500000
-8.543701 258.904146 1.500000
-23.508068 332.912427 1.500000
-142.353242 225.905334 1.500000
142.648147 206.446418 1.500000
-5.849116 126.196129 1.500000
-235.168198 223.475908 1.500000
272.431029 125.712601 1.500000
187.940743 340.746952 1.500000
140.890928 165.642691 1.500000
217.707186 80.546052 1.500000
240.639678 116.157868 1.500000
-65.422399 225.962372 1.500000
84.989467 369.975980 1.500000
76.515553 144.044273 1.500000
-96.040416 124.554074 1.500000
-128.570211 181.511258 1.500000
-180.650643 389.964239 1.500000
111.832248 341.047472 1.500000
173.102987 85.516361 1.500000
161.757856 260.932498 1.500000
-76.884885 322.676084 1.500000
-134.421432 315.615532 1.500000
2.636713 210.864427 1.500000
49.113232 303.436342 1.500000
246.461984 252.174217 1.500000
220.696585 101.344191 1.500000
241.350624 46.559873 1.500000
209.837812 165.092451 1.500000
268.533284 46.940251 1.500000
4.354496 170.062383 1.500000
-219.572955 339.058009 1.500000
-193.459586 346.045105 1.500000
-33.439684 39.278075 1.500000
-106.419784 52.440201 1.500000
-147.283678 276.064157 1.500000
262.493605 215.531780 1.500000
-136.610187 83.205480 1.500000
267.666795 331.286184 1.500000
162.440127 108.956286 1.500000
98.161347 57.054398 1.500000
115.189410 312.715388 1.500000
-59.782607 257.220387 1.500000
97.966228 176.455740 1.500000
-139.759659 282.143351 1.500000
253.346844 372.893824 1.500000
-80.003906 38.418030 1.500000
-102.217907 263.106799 1.500000
133.332434 104.796034 1.500000
107.252056 211.302934 1.500000
-1.819365 178.717741 1.500000
90.879343 177.797105 1.500000
-152.550366 99.414340 1.500000
116.471428 323.060913 1.500000
-99.097144 175.502248 1.500000
-93.310547 362.164875 1.500000
-157.403618 152.956775 1.500000
-65.344847 341.470414 1.500000
-67.138875 233.128120 1.500000
1.154987 176.832260 1.500000
-141.473225 290.401872 1.500000
-136.395481 314.810971 1.500000
46.806399 212.632118 1.500000
-173.577202 188.177148 1.500000
128.027825 237.239465 1.500000
254.650527 247.882368 1.500000
-19.750182 188.050385 1.500000
236.887619 310.856987 1.500000
-194.997576 174.520439 1.500000
-213.234216 195.241355 1.500000
139.948480 253.470116 1.500000
156.249306 399.224749 1.500000
200.897653 126.995742 1.500000
-215.311156 107.363947 1.500000
170.046582 93.833353 1.500000
-45.976681 287.598470 1.500000
-79.048325 196.107531 1.500000
-150.111765 171.600898 1.500000
282.887271 107.571695 1.500000
-205.274771 366.141697 1.500000
197.159130 192.270929 1.500000
99.953293 255.091587 1.500000
144.964446 71.138800 1.500000
134.469730 70.954503 1.500000
209.936497 49.360242 1.500000
-143.036212 161.668585 1.500000
-240.337582 205.384515 1.500000
73.664797 115.192401 1.500000
-55.199671 152.316817 1.500000
-174.252566 26.435804 1.500000
-142.280194 159.934778 1.500000
-64.069845 75.985917 1.500000
-203.663168 72.669185 1.500000
-212.097831 27.760355 1.500000
242.752771 289.214040 1.500000
-78.689121 375.284600 1.500000
278.759562 258.377174 1.500000
266.786001 63.678005 1.500000
-164.624651 395.623199 1.500000
136.908613 391.615541 1.500000
80.940816 202.201932 1.500000
124.605269 68.035205 1.500000
-189.449350 293.377081 1.500000
-143.090740 388.207774 1.500000
-197.561039 315.882651 1.500000
77.079279 259.507009 1.500000
274.772476 258.888941 1.500000
113.044770 394.575016 1.500000
134.630273 58.985498 1.500000
275.836722 82.553751 1.500000
116.450222 342.288668 1.500000
-219.386401 83.481108 1.500000
216.189586 170.775697 1.500000
-44.539496 128.523569 1.500000
-240.337582 117.820821 1.500000
32.949248 34.526398 1.500000
253.136231 238.016235 1.500000
-103.048100 178.041576 1.500000
18.950316 229.859276 1.500000
-153.978739 138.515972 1.500000
-213.117720 378.027692 1.500000
-199.483387 248.420916 1.500000
145.596314 386.197368 1.500000
210.660375 156.168242 1.500000
-167.422181 27.704613 1.500000
-87.971326 319.384706 1.500000
-136.187310 338.106065 1.500000
-224.863148 45.201018 1.500000
48.230180 259.513693 1.500000
123.552198 281.549521 1.500000
102.548830 79.238407 1.500000
-31.631142 228.240650 1.500000
50.977963 119.069983 1.500000
-194.204865 30.508900 1.500000
-160.347794 353.714131 1.500000
251.667090 211.378208 1.500000
160.086924 322.534693 1.500000
249.936490 298.435213 1.500000
245.298344 400.063575 1.500000
102.282763 194.847205 1.500000
242.748827 180.830507 1.500000
-22.915635 128.590611 1.500000
-240.076793 259.440046 1.500000
-209.618117 204.465410 1.500000
-182.092708 299.506305 1.500000
-189.475858 158.991863 1.500000
-60.100697 78.646308 1.500000
131.470361 351.031898 1.500000
176.184767 337.704267 1.500000
71.629975 157.510519 1.500000
-160.967900 283.320480 1.500000
151.318412 214.585784 1.500000
-49.669080 316.707878 1.500000
-233.918721 169.753789 1.500000
-87.999984 233.059766 1.500000
-68.875655 46.200941 1.500000
-91.564104 90.063087 1.500000
184.602781 322.328497 1.500000
167.599722 171.849457 1.500000
123.188702 39.445471 1.500000
-163.946946 88.541938 1.500000
184.101460 184.993000 1.500000
118.509682 294.988353 1.500000
-137.828475 163.146504 1.500000
97.771974 312.212634 1.500000
5.961513 345.637547 1.500000
-1.387343 153.558690 1.500000
-181.057673 330.995495 1.500000
23.848421 75.813025 1.500000
-186.790711 185.546240 1.500000
-151.748408 59.216810 1.500000
-172.664100 47.185314 1.500000
260.113551 49.886261 1.500000
-90.344733 72.710893 1.500000
-49.626048 343.663942 1.500000
-70.381857 231.160342 1.500000
237.205197 384.154280 1.500000
59.598169 229.251825 1.500000
243.143214 265.354903 1.500000
-87.063816 93.358048 1.500000
-180.528470 234.156715 1.500000
54.229738 167.596816 1.500000
-58.146414 377.902622 1.500000
183.969832 375.751026 1.500000
225.488646 101.334450 1.500000
10.182923 262.989836 1.500000
270.499453 261.685885 1.500000
52.521473 237.822250 1.500000
-90.923908 68.948863 1.500000
12.760458 271.951179 1.500000
-219.222536 323.106887 1.500000
188.665753 156.960393 1.500000
-190.430475 218.977868 1.500000
-74.701125 72.495410 1.500000
60.846860 380.691925 1.500000
-222.130988 67.728305 1.500000
-196.420348 107.607949 1.500000
125.527514 143.013610 1.500000
-202.710361 334.726940 1.500000
9.990784 294.662796 1.500000
-57.991710 28.967174 1.500000
-120.533198 92.644366 1.500000
-142.288305 309.897027 1.500000
160.449919 178.335297 1.500000
259.863960 32.088843 1.500000
-169.736559 386.219439 1.500000
263.757757 88.313937 1.500000
73.306364 219.553347 1.500000
98.869953 124.416527 1.500000
137.228003 302.974937 1.500000
131.279730 316.606955 1.500000
190.074219 171.010254 1.500000
11.296238 277.363564 1.500000
41.492325 370.096194 1.500000
-70.113936 332.134261 1.500000
-185.146133 180.340884 1.500000
110.548991 196.110959 1.500000
-221.075375 359.971957 1.500000
-94.337711 38.883709 1.500000
-191.213589 33.226121 1.500000
-142.276265 102.732110 1.500000
94.275345 339.833469 1.500000
93.257039 79.898600 1.500000
-19.817815 134.136594 1.500000
-196.877654 266.259222 1.500000
-8.579301 95.581837 1.500000
-57.356481 143.775897 1.500000
139.269762 206.333596 1.500000
66.137967 115.070418 1.500000
18.604166 398.644955 1.500000
8.745643 87.896093 1.500000
269.830424 347.626166 1.500000
162.019520 202.103064 1.500000
23.805822 73.564602 1.500000
5.720777 69.377054 1.500000
-220.007992 222.517264 1.500000
252.151283 158.785987 1.500000
-75.448064 118.011477 1.500000
-103.176129 385.039372 1.500000
286.412063 206.086324 1.500000
138.472952 375.163248 1.500000
-217.096950 88.369909 1.500000
-203.746859 90.045362 1.500000
-227.022620 254.296436 1.500000
70.814009 132.091821 1.500000
-198.944107 92.536107 1.500000
251.982258 65.626167 1.500000
256.522625 51.153464 1.500000
49.013850 312.034358 1.500000
91.651624 131.856691 1.500000
-87.512220 398.994045 1.500000
-206.591788 96.161173 1.500000
150.278937 162.742648 1.500000
-187.633225 171.369098 1.500000
-192.862212 213.959523 1.500000
-85.243159 354.298925 1.500000
-233.989650 337.542266 1.500000
-12.018453 29.286067 1.500000
132.015440 186.374616 1.500000
179.141902 340.569134 1.500000
80.699444 26.435804 1.500000
204.239769 232.340696 1.500000
-25.611867 125.341706 1.500000
206.641321 184.408124 1.500000
27.948147 186.227143 1.500000
-118.560498 175.260562 1.500000
257.576113 356.421115 1.500000
-92.972581 231.831000 1.500000
-226.101349 360.094776 1.500000
-114.027141 303.232023 1.500000
-47.609712 158.993892 1.500000
-56.114888 214.857034 1.500000
37.735329 173.762344 1.500000
225.169145 341.673193 1.500000
-88.731318 97.148314 1.500000
33.312264 380.004977 1.500000
-65.747259 246.283524 1.500000
191.977275 262.507812 1.500000
-157.317123 222.904616 1.500000
-180.388240 231.352158 1.500000
28.660345 276.242852 1.500000
110.476741 274.967527 1.500000
179.310343 110.879650 1.500000
70.905031 243.661974 1.500000
166.596193 166.735600 1.500000
-33.977764 266.918248 1.500000
-224.086397 234.055025 1.500000
-173.564187 90.355155 1.500000
-221.189018 306.540719 1.500000
-66.043819 197.245600 1.500000
13.075216 231.914343 1.500000
-50.176769 278.854344 1.500000
58.510757 276.506910 1.500000
9.667026 309.938432 1.500000
115.232888 101.647483 1.500000
112.339011 66.426673 1.500000
-72.739023 282.730076 1.500000
-56.570132 114.617121 1.500000
67.027102 71.286234 1.500000
79.422805 78.285595 1.500000
-76.578735 134.004529 1.500000
-58.268029 403.114324 1.500000
128.976154 83.115336 1.500000
103.182185 137.806350 1.500000
-172.321051 377.874540 1.500000
-5.289881 393.634034 1.500000
231.706843 114.114522 1.500000
-227.572411 360.268740 1.500000
205.905922 81.697095 1.500000
-153.310662 317.580536 1.500000
26.455556 36.007954 1.500000
-18.367953 179.923791 1.500000
-231.765109 117.389658 1.500000
239.196091 290.855043 1.500000
-2.071603 32.865404 1.500000
260.381804 201.395088 1.500000
-87.764826 285.841996 1.500000
210.814499 45.338909 1.500000
244.037783 359.763814 1.500000
47.805400 162.747271 1.500000
-134.515756 89.136393 1.500000
122.785406 111.709159 1.500000
51.059109 156.648032 1.500000
255.010289 103.315262 1.500000
-7.351214 225.427888 1.500000
-99.453604 263.294459 1.500000
-163.411698 190.537615 1.500000
127.277513 187.935352 1.500000
263.855172 321.389781 1.500000
-222.723468 136.027771 1.500000
148.314448 257.469019 1.500000
247.100057 362.799585 1.500000
-199.938665 105.147825 1.500000
-186.579673 258.936478 1.500000
124.374534 381.573793 1.500000
102.580387 225.104364 1.500000
-202.990573 397.809174 1.500000
197.397512 139.988482 1.500000
38.351540 241.602590 1.500000
234.535824 141.882427 1.500000
220.267238 26.496573 1.500000
187.242592 403.114324 1.500000
32.298383 116.038829 1.500000
-108.722721 390.305017 1.500000
29.870596 271.308411 1.500000
-186.349366 361.598277 1.500000
106.936367 391.903857 1.500000
-168.984721 231.019319 1.500000
31.121312 403.114324 1.500000
-210.969572 317.318285 1.500000
-87.998035 228.549800 1.500000
-114.820755 279.685102 1.500000
86.622838 102.420964 1.500000
176.156597 28.709340 1.500000
-211.371101 129.680702 1.500000
202.068897 186.698185 1.500000
206.234767 106.630204 1.500000
-62.880572 225.619477 1.500000
108.344458 276.073904 1.500000
-24.367638 267.831808 1.500000
-158.211676 359.031590 1.500000
34.978477 392.081307 1.500000
-197.200026 359.331589 1.500000
226.479663 257.863943 1.500000
242.599378 109.842008 1.500000
198.752165 388.258173 1.500000
61.602018 92.742246 1.500000
59.781444 83.023766 1.500000
279.446108 148.764714 1.500000
-110.780029 240.815878 1.500000
-199.262768 276.440331 1.500000
58.390355 26.435804 1.500000
-69.102213 319.279287 1.500000
-73.849358 95.007544 1.500000
-237.457183 138.163279 1.500000
71.414392 150.188837 1.500000
-97.535264 154.390572 1.500000
-143.232447 317.008069 1.500000
-218.753152 42.417459 1.500000
-45.461129 101.287471 1.500000
226.498486 34.732580 1.500000
-62.370676 318.829283 1.500000
118.517406 392.266789 1.500000
155.122290 278.389004 1.500000
-64.441427 247.577277 1.500000
196.251953 367.161697 1.500000
118.498724 120.846640 1.500000
59.531901 47.449563 1.500000
-240.337582 218.273883 1.500000
-220.069641 126.052843 1.500000
281.833334 194.232696 1.500000
171.549069 201.426960 1.500000
252.905031 145.427669 1.500000
231.972621 205.025865 1.500000
-227.997764 173.751947 1.500000
175.909563 69.618215 1.500000
-6.624989 355.502611 1.500000
172.456907 293.251128 1.500000
-240.337582 39.157636 1.500000
-90.102474 68.484322 1.500000
156.877248 65.893590 1.500000
175.252482 55.198924 1.500000
89.023189 48.871082 1.500000
-82.008635 83.735075 1.500000
-77.722412 350.857007 1.500000
268.955289 336.533616 1.500000
-4.797258 322.417171 1.500000
-8.928373 256.699193 1.500000
55.572599 299.767503 1.500000
-21.751891 301.769457 1.500000
50.716999 360.296877 1.500000
-9.055975 300.411801 1.500000
194.166790 305.830921 1.500000
239.361755 329.805554 1.500000
249.026923 238.643330 1.500000
59.804669 104.201893 1.500000
-9.557753 57.655786 1.500000
130.993265 186.155607 1.500000
203.286488 63.547927 1.500000
59.357683 85.871643 1.500000
125.913707 36.369212 1.500000
156.841502 137.077315 1.500000
113.006644 394.541051 1.500000
146.237011 174.752590 1.500000
-132.677918 109.339120 1.500000
24.685014 176.438711 1.500000
69.496020 140.734864 1.500000
-240.337582 280.259196 1.500000
210.706800 268.244757 1.500000
81.059810 36.972483 1.500000
-170.449369 217.451031 1.500000
184.843086 37.010455 1.500000
137.064861 278.018394 1.500000
159.469265 376.706452 1.500000
-37.925465 366.571701 1.500000
205.476038 105.074395 1.500000
-23.342825 305.704099 1.500000
60.203484 323.214038 1.500000
-239.963110 348.996538 1.500000
97.680057 122.113162 1.500000
136.169258 194.563508 1.500000
57.201546 107.627387 1.500000
22.120164 37.611992 1.500000
190.030031 278.775839 1.500000
111.914064 185.430693 1.500000
-91.993174 123.253865 1.500000
264.520503 347.601376 1.500000
133.792328 213.687660 1.500000
283.615528 403.114324 1.500000
269.008593 324.765852 1.500000
246.530702 355.054684 1.500000
153.791980 318.104623 1.500000
81.061919 66.483493 1.500000
-150.374296 52.307827 1.500000
46.011423 371.265587 1.500000
159.857126 79.890069 1.500000
35.334392 171.792831 1.500000
221.765932 254.260442 1.500000
-185.491947 104.230284 1.500000
-39.108452 110.201448 1.500000
28.746615 205.098756 1.500000
-13.500608 160.990618 1.500000
-179.058478 283.244708 1.500000
-160.755673 55.511733 1.500000
200.528145 209.216431 1.500000
11.832192 96.003319 1.500000
-214.293290 257.184416 1.500000
-231.641748 70.216201 1.500000
10.973122 100.636067 1.500000
-155.659764 329.524696 1.500000
129.041273 110.429545 1.500000
179.986246 301.597602 1.500000
-115.890800 130.680204 1.500000
73.478444 110.216841 1.500000
-153.441684 136.878111 1.500000
-78.759606 357.086327 1.500000
229.393007 184.750541 1.500000
48.303773 120.276371 1.500000
230.768486 231.868392 1.500000
-117.975671 169.283199 1.500000
-69.752011 325.172404 1.500000
10.138035 394.234870 1.500000
13.340497 223.793242 1.500000
284.591025 198.116008 1.500000
-185.372338 151.397136 1.500000
203.814215 394.251008 1.500000
213.513224 209.906447 1.500000
46.665826 91.675888 1.500000
-60.147396 389.014203 1.500000
35.307608 386.233736 1.500000
-88.023191 189.523225 1.500000
180.842370 156.639674 1.500000
18.920932 284.270801 1.500000
248.245759 337.070511 1.500000
89.189269 219.028528 1.500000
26.311141 155.830575 1.500000
131.962289 140.673058 1.500000
21.307417 148.424627 1.500000
237.638461 69.296433 1.500000
-142.688718 320.675674 1.500000
272.224356 67.447074 1.500000
187.098658 175.869305 1.500000
214.021917 339.761636 1.500000
15.062502 179.712045 1.500000
199.171304 137.673366 1.500000
-80.651233 381.906246 1.500000
160.841365 74.441236 1.500000
-166.924716 357.925455 1.500000
-72.416048 47.563824 1.500000
-6.699744 182.188520 1.500000
-69.686789 262.667548 1.500000
-35.078674 163.622319 1.500000
195.853874 230.947702 1.500000
-107.567201 102.102234 1.500000
156.257954 246.308969 1.500000
-201.951962 79.001099 1.500000
170.519256 323.846076 1.500000
177.948186 249.816203 1.500000
-32.429682 205.819421 1.500000
139.635879 52.947654 1.500000
245.720055 215.368640 1.500000
181.682316 240.348005 1.500000
-34.848898 126.599908 1.500000
16.878706 282.467179 1.500000
169.153735 54.664257 1.500000
-86.845685 102.267073 1.500000
180.273342 305.273513 1.500000
-62.339762 84.965649 1.500000
180.549837 115.356843 1.500000
-194.107079 276.220455 1.500000
-215.511668 302.778230 1.500000
285.146652 44.519975 1.500000
213.887060 72.754984 1.500000
221.705735 200.071361 1.500000
262.316343 252.545101 1.500000
-11.794260 200.785601 1.500000
-95.463107 269.419986 1.500000
-170.686027 312.868641 1.500000
21.056665 385.156711 1.500000
-122.533549 157.704402 1.500000
251.858635 88.201638 1.500000
-238.978354 129.240729 1.500000
-164.752037 87.044942 1.500000
-113.921994 174.185179 1.500000
-138.013564 351.173982 1.500000
-122.188643 162.096591 1.500000
101.802232 87.462593 1.500000
-65.679258 224.501547 1.500000
82.704156 403.114324 1.500000
224.257158 98.302473 1.500000
75.381893 316.717413 1.500000
125.810927 332.641043 1.500000
-49.147121 173.646272 1.500000
-154.995953 259.821194 1.500000
-69.747932 187.902859 1.500000
274.803061 123.512159 1.500000
90.653276 186.624883 1.500000
-99.067809 64.903465 1.500000
-3.898823 291.089962 1.500000
198.968690 336.628828 1.500000
113.490044 140.783724 1.500000
52.185344 242.578232 1.500000
224.327892 113.671116 1.500000
110.136488 75.287141 1.500000
96.413278 281.065734 1.500000
-142.072180 85.481074 1.500000
-185.236398 322.911685 1.500000
264.491147 130.423975 1.500000
78.056929 331.198637 1.500000
-19.959852 166.349108 1.500000
65.582437 165.556872 1.500000
-207.700234 311.837186 1.500000
188.021903 217.466420 1.500000
-122.192856 102.741835 1.500000
188.299066 348.582134 1.500000
40.978861 160.259839 1.500000
-97.211307 69.840917 1.500000
-226.417310 186.932679 1.500000
188.041122 244.816229 1.500000
-147.707747 254.872529 1.500000
-208.937847 343.370947 1.500000
160.687550 228.055321 1.500000
-53.039425 110.084081 1.500000
-34.744298 130.334997 1.500000
-113.655653 66.034232 1.500000
209.924206 304.323715 1.500000
-83.537196 67.408841 1.500000
-133.222021 254.350926 1.500000
-76.528450 244.825610 1.500000
-130.913245 318.524960 1.500000
-71.376771 56.398924 1.500000
-195.135387 100.106513 1.500000
-162.430793 368.725657 1.500000
-16.655056 238.302797 1.500000
218.219116 196.681933 1.500000
-210.617949 308.056609 1.500000
-126.455625 369.171221 1.500000
239.208972 128.878867 1.500000
224.643822 363.798398 1.500000
114.267926 68.298844 1.500000
-112.807008 390.431722 1.500000
-17.669983 88.701177 1.500000
-132.398610 129.581279 1.500000
-171.425852 62.619524 1.500000
-44.719383 333.110543 1.500000
64.849412 399.685639 1.500000
-53.394698 139.024449 1.500000
81.655573 148.337721 1.500000
-84.547698 129.918552 1.500000
-54.678967 80.382323 1.500000
176.875842 319.163654 1.500000
220.517085 52.292467 1.500000
-69.627466 395.516604 1.500000
67.135403 372.492534 1.500000
-91.595329 71.253824 1.500000
-212.421079 221.172644 1.500000
145.827587 397.491234 1.500000
-152.111032 348.378649 1.500000
-14.053683 294.255227 1.500000
13.556051 29.147779 1.500000
-143.159174 57.348713 1.500000
-186.217728 325.377550 1.500000
-56.570673 164.921278 1.500000
258.041286 278.603837 1.500000
90.218415 304.627044 1.500000
-34.142535 186.728992 1.500000
-218.337791 79.425065 1.500000
79.683422 173.038093 1.500000
-192.541841 357.371950 1.500000
47.620678 147.194153 1.500000
154.481462 47.954741 1.500000
-21.280395 390.237793 1.500000
-74.846916 281.178019 1.500000
-219.597568 229.919907 1.500000
-226.393170 337.331555 1.500000
-12.963609 180.087125 1.500000
226.512242 396.028959 1.500000
-112.046653 345.689095 1.500000
61.808202 133.488573 1.500000
120.535501 169.388520 1.500000
-206.855865 129.772784 1.500000
-159.697462 277.643726 1.500000
-66.042732 265.785161 1.500000
108.670430 221.602196 1.500000
-3.034945 391.479218 1.500000
148.006507 205.613885 1.500000
217.296006 321.308920 1.500000
157.261343 276.355863 1.500000
279.317439 217.764010 1.500000
159.601802 41.380210 1.500000
208.067919 276.994510 1.500000
199.974295 271.373948 1.500000
140.273198 75.981232 1.500000
186.651805 329.302097 1.500000
254.710608 201.224823 1.500000
9.734548 143.419051 1.500000
97.282757 336.027247 1.500000
33.129747 157.684256 1.500000
203.934907 263.071950 1.500000
-8.085584 257.612223 1.500000
192.902986 43.422636 1.500000
178.609849 183.102622 1.500000
263.045805 108.720767 1.500000
-106.257399 95.918367 1.500000
134.087720 271.564442 1.500000
159.817297 30.877334 1.500000
252.926775 391.173387 1.500000
234.364713 174.380291 1.500000
63.292815 136.920895 1.500000
64.138547 371.251978 1.500000
-152.282060 208.089372 1.500000
280.354683 259.955371 1.500000
-103.400017 288.545047 1.500000
144.197258 364.178235 1.500000
187.008723 74.309814 1.500000
-6.773750 58.506422 1.500000
-128.732242 399.815211 1.500000
-142.840389 28.779136 1.500000
209.463727 297.884671 1.500000
22.561905 259.603645 1.500000
-190.486689 229.305836 1.500000
133.551408 319.372739 1.500000
-105.851861 399.870321 1.500000
221.173963 42.545347 1.500000
-76.886577 253.391259 1.500000
-134.972097 296.777970 1.500000
-191.480204 136.042194 1.500000
32.739590 363.137768 1.500000
-2.998392 200.765121 1.500000
152.718811 91.009515 1.500000
7.163333 347.839934 1.500000
-62.156367 386.148079 1.500000
-107.175532 64.915814 1.500000
-92.328833 312.115317 1.500000
252.061440 105.218250 1.500000
-154.597742 33.532823 1.500000
281.397551 124.594560 1.500000
-69.379896 353.192289 1.500000
-191.612077 83.691197 1.500000
-106.054923 76.428879 1.500000
-210.356424 306.036261 1.500000
172.727509 178.962942 1.500000
25.278391 79.909769 1.500000
-60.052935 114.857600 1.500000
104.987113 327.377408 1.500000
92.971324 256.351752 1.500000
257.071928 312.812991 1.500000
264.502148 65.868926 1.500000
117.713722 203.391059 1.500000
193.443797 328.864557 1.500000
174.647477 122.002424 1.500000
15.727245 87.002321 1.500000
130.032397 169.207605 1.500000
-195.280939 156.209315 1.500000
163.781947 94.478187 1.500000
266.011264 388.942167 1.500000
-197.713526 206.539198 1.500000
203.278454 257.082959 1.500000
246.101429 69.234089 1.500000
-120.449832 255.641478 1.500000
35.974784 232.219100 1.500000
252.292892 381.802863 1.500000
269.646180 179.662129 1.500000
-175.803167 316.380359 1.500000
-55.996696 136.135294 1.500000
125.698047 244.253902 1.500000
-124.511703 374.231437 1.500000
-67.412605 263.832911 1.500000
-229.073707 293.608655 1.500000
-158.888315 359.898257 1.500000
58.741096 373.867035 1.500000
108.222864 107.967921 1.500000
102.342535 97.346113 1.500000
170.016816 229.278337 1.500000
-24.910115 398.955424 1.500000
-91.519049 207.679427 1.500000
-230.643350 147.358702 1.500000
-131.086719 230.051542 1.500000
-75.532265 49.899359 1.500000
-145.385223 93.611114 1.500000
-227.411117 84.113574 1.500000
-154.715458 31.893900 1.500000
115.362527 300.187457 1.500000
92.024378 145.419460 1.500000
257.796046 88.189352 1.500000
183.270452 213.710653 1.500000
58.547357 150.234104 1.500000
-172.881946 169.409967 1.500000
57.043735 141.689535 1.500000
-203.216972 26.435804 1.500000
-15.694905 285.328222 1.500000
-34.521600 67.652722 1.500000
-14.491153 111.417732 1.500000
-90.112999 97.810438 1.500000
119.759928 154.152058 1.500000
200.021466 87.916802 1.500000
166.188477 154.288779 1.500000
88.100450 116.066674 1.500000
37.728834 54.025972 1.500000
-218.442885 358.040470 1.500000
143.248737 144.013879 1.500000
52.382151 65.193009 1.500000
-95.102791 224.278965 1.500000
-65.605810 73.876364 1.500000
253.601567 317.792552 1.500000
87.986924 54.727440 1.500000
11.885444 200.060211 1.500000
85.073026 382.675810 1.500000
-25.606647 81.191220 1.500000
6.334086 97.994908 1.500000
-83.542807 258.063525 1.500000
-12.342232 397.376127 1.500000
117.148333 171.133747 1.500000
-217.524259 271.001451 1.500000
177.197586 79.736003 1.500000
-89.821724 266.751967 1.500000
122.170119 117.233766 1.500000
99.602347 256.562156 1.500000
101.537274 61.873538 1.500000
83.842910 225.540261 1.500000
267.095338 120.628524 1.500000
27.513009 284.105030 1.500000
145.346503 300.631506 1.500000
132.379580 351.764878 1.500000
-116.819671 397.727743 1.500000
-95.999946 199.951192 1.500000
-14.736253 279.339801 1.500000
-91.988067 34.098318 1.500000
-54.058983 367.506825 1.500000
-32.867189 258.570050 1.500000
83.017312 181.182496 1.500000
-127.893495 197.793033 1.500000
183.102999 313.910791 1.500000
-10.411408 340.541694 1.500000
136.657489 336.281366 1.500000
-194.074943 215.546302 1.500000
4.581274 168.843939 1.500000
-224.446598 380.934674 1.500000
122.605782 266.532141 1.500000
-61.162545 232.491723 1.500000
259.647539 244.800249 1.500000
-68.064745 259.397995 1.500000
54.816811 299.794360 1.500000
-99.469159 234.052100 1.500000
84.888520 362.168104 1.500000
1.509705 354.202058 1.500000
-46.684223 192.363972 1.500000
-131.085229 88.994194 1.500000
-183.988276 248.594874 1.500000
-176.284692 266.564108 1.500000
286.412063 222.721843 1.500000
-26.779855 366.511832 1.500000
-240.337582 64.564592 1.500000
262.664232 138.307823 1.500000
-227.705927 352.863680 1.500000
-21.463841 378.275367 1.500000
138.048798 183.709507 1.500000
240.575436 95.087855 1.500000
137.358569 190.497563 1.500000
5.435360 198.296740 1.500000
271.828967 218.712102 1.500000
-218.190779 132.785998 1.500000
278.269740 142.759216 1.500000
208.451202 271.428656 1.500000
250.389858 266.856335 1.500000
-99.023158 271.843491 1.500000
-166.306630 169.256095 1.500000
108.639700 151.399108 1.500000
29.449499 156.601358 1.500000
32.142484 380.331991 1.500000
245.335860 175.494895 1.500000
88.285117 252.131155 1.500000
-74.272433 225.153736 1.500000
-28.715626 356.348720 1.500000
-170.905993 164.536298 1.500000
-140.516354 187.363057 1.500000
-167.578475 348.190427 1.500000
184.812431 89.272121 1.500000
127.068883 248.249767 1.500000
43.095043 172.995021 1.500000
-37.628004 392.098342 1.500000
105.983960 301.577766 1.500000
188.727812 33.139640 1.500000
224.669777 345.787302 1.500000
48.429448 290.947612 1.500000
189.758382 240.155768 1.500000
32.060189 118.461911 1.500000
10.852406 82.470793 1.500000
218.630706 262.065977 1.500000
-39.027784 189.223004 1.500000
-35.940267 352.268115 1.500000
-78.420923 126.943934 1.500000
29.999538 265.356283 1.500000
49.825779 119.303406 1.500000
101.180228 265.470895 1.500000
-14.976263 47.019915 1.500000
-127.439631 169.860601 1.500000
215.274036 88.167006 1.500000
-57.298451 251.420889 1.500000
247.011244 145.294862 1.500000
-129.195075 318.001400 1.500000
56.937454 66.394411 1.500000
41.809651 238.676337 1.500000
202.478491 254.449451 1.500000
-163.036392 36.003336 1.500000
238.035536 43.359218 1.500000
39.181398 139.797740 1.500000
67.396184 253.187360 1.500000
29.482228 390.581718 1.500000
-224.277288 60.516794 1.500000
19.136135 288.622456 1.500000
-108.014989 291.642231 1.500000
-61.022685 279.508742 1.500000
104.770732 222.963946 1.500000
21.367901 388.595618 1.500000
-191.523407 220.483446 1.500000
-201.028639 341.736520 1.500000
-145.549169 128.378846 1.500000
-139.713040 328.406413 1.500000
82.755614 402.319120 1.500000
-145.754187 370.919155 1.500000
227.042305 146.959310 1.500000
-126.053833 343.845969 1.500000
-190.346356 62.924804 1.500000
218.821220 283.489250 1.500000
-85.806292 151.070420 1.500000
-10.451896 268.019659 1.500000
265.771730 178.733638 1.500000
257.651438 32.739937 1.500000
133.664757 118.701935 1.500000
-204.298397 39.632831 1.500000
74.353239 183.729033 1.500000
280.703406 347.476851 1.500000
256.892070 302.727051 1.500000
-185.362965 322.486707 1.500000
-28.186470 334.867975 1.500000
-72.125371 170.421635 1.500000
-170.401227 219.847023 1.500000
126.969828 212.824025 1.500000
-99.637143 65.303655 1.500000
-57.862595 255.104618 1.500000
-189.537053 298.665728 1.500000
21.183888 254.241054 1.500000
-154.090432 306.391472 1.500000
-11.098425 74.552547 1.500000
-162.349099 317.825030 1.500000
262.255318 104.819790 1.500000
-161.308327 354.656880 1.500000
30.172246 117.869689 1.500000
-136.479092 215.787964 1.500000
-197.974984 213.949152 1.500000
-132.882690 128.288709 1.500000
-208.198469 161.095566 1.500000
-167.381356 99.594407 1.500000
17.962657 246.049325 1.500000
98.088787 365.993329 1.500000
-195.150265 144.997781 1.500000
-6.480554 221.279953 1.500000
68.117106 351.308734 1.500000
-121.156847 195.416716 1.500000
-40.819435 340.109279 1.500000
-205.421852 195.693692 1.500000
-124.747058 188.885173 1.500000
3.817907 85.937105 1.500000
282.629233 74.614643 1.500000
284.726910 255.300957 1.500000
277.711696 335.736107 1.500000
-11.945564 75.826856 1.500000
-196.645664 366.335907 1.500000
-71.625428 164.169978 1.500000
-113.738412 183.670139 1.500000
-227.060996 363.924318 1.500000
-188.204291 362.928828 1.500000
1.218190 222.020316 1.500000
-66.201229 134.801196 1.500000
-144.175687 90.809359 1.500000
136.063770 126.725976 1.500000
-54.267443 318.186021 1.500000
208.316556 149.719381 1.500000
-113.077046 290.541951 1.500000
41.387822 103.776025 1.500000
-142.776923 206.174875 1.500000
20.041380 158.383459 1.500000
-157.918586 216.528612 1.500000
-154.543374 241.623327 1.500000
83.278634 397.383550 1.500000
-98.450214 369.794175 1.500000
-147.878339 288.620424 1.500000
249.399260 85.951887 1.500000
-223.946410 373.887484 1.500000
58.895170 363.865603 1.500000
45.724432 357.425650 1.500000
-108.588160 206.851966 1.500000
-0.727085 97.579588 1.500000
-190.122649 315.364797 1.500000
145.118179 173.252097 1.500000
-126.322343 155.126684 1.500000
-142.419501 166.981655 1.500000
-73.498304 235.533666 1.500000
235.712736 151.829926 1.500000
175.595314 285.362129 1.500000
258.387787 269.676398 1.500000
104.875975 219.980714 1.500000
105.165633 43.765294 1.500000
9.534820 380.029271 1.500000
234.536512 181.182174 1.500000
28.129994 193.088257 1.500000
-51.227901 203.235770 1.500000
96.000285 166.177425 1.500000
47.507153 278.179381 1.500000
-168.271655 33.230054 1.500000
-36.338541 351.299242 1.500000
-77.252513 63.031947 1.500000
207.766075 403.114324 1.500000
-37.818270 264.075584 1.500000
193.660747 52.203020 1.500000
-1.882118 241.254667 1.500000
157.520940 153.066167 1.500000
-175.006185 384.628560 1.500000
247.012580 313.814718 1.500000
11.084219 212.350472 1.500000
-99.337513 186.321295 1.500000
-110.239145 401.267362 1.500000
-105.477287 279.468241 1.500000
-43.114800 219.047101 1.500000
140.433680 170.980623 1.500000
258.892097 142.925759 1.500000
111.842321 291.947871 1.500000
52.058588 246.446323 1.500000
-9.953382 343.198881 1.500000
197.249753 231.718424 1.500000
210.499276 246.188858 1.500000
-86.246230 210.152526 1.500000
263.819925 314.100315 1.500000
-31.901241 186.701250 1.500000
178.751139 346.221179 1.500000
266.507355 150.956867 1.500000
132.449860 291.388899 1.500000
-157.147914 362.325137 1.500000
63.836108 316.207326 1.500000
-177.404578 154.365481 1.500000
173.803463 294.276053 1.500000
-95.752238 107.109354 1.500000
126.081821 49.399180 1.500000
241.353661 323.843981 1.500000
-144.930257 326.296311 1.500000
-36.598578 34.928106 1.500000
101.977420 382.873966 1.500000
-16.177098 195.104679 1.500000
-141.612664 367.782754 1.500000
-220.698587 328.041442 1.500000
-29.178229 363.603412 1.500000
104.207290 335.624715 1.500000
62.777967 389.891332 1.500000
-161.493862 261.503769 1.500000
-2.083585 115.285352 1.500000
-39.962810 169.284140 1.500000
-92.313971 306.161160 1.500000
140.765437 86.804478 1.500000
-77.187333 379.235358 1.500000
45.657023 99.112245 1.500000
240.780376 351.080508 1.500000
38.639537 206.284614 1.500000
85.142900 345.051444 1.500000
-201.252259 387.834889 1.500000
-152.021942 183.199760 1.500000
-185.997653 291.050063 1.500000
165.788255 112.208371 1.500000
199.328645 327.751796 1.500000
-141.942887 330.441138 1.500000
-123.122030 135.336963 1.500000
-68.771169 41.399893 1.500000
66.006475 187.852681 1.500000
84.477979 87.600973 1.500000
120.222261 333.619660 1.500000
233.889899 125.142794 1.500000
-80.524387 384.554640 1.500000
108.566909 394.358621 1.500000
51.167052 366.744987 1.500000
-79.880931 256.112429 1.500000
241.034221 129.614254 1.500000
-191.980447 329.177308 1.500000
137.263457 290.327119 1.500000
147.219177 396.316138 1.500000
245.458764 171.762642 1.500000
33.365773 44.016443 1.500000
-67.170055 402.717839 1.500000
194.107808 342.098337 1.500000
173.144104 108.154310 1.500000
23.926039 298.036831 1.500000
167.571400 29.858907 1.500000
-100.320230 238.154529 1.500000
71.682912 169.429079 1.500000
217.027886 168.366391 1.500000
-75.625858 118.952566 1.500000
11.496869 130.893194 1.500000
260.011449 200.387976 1.500000
183.436220 123.981947 1.500000
221.415624 202.414548 1.500000
-38.497377 240.625963 1.500000
286.412063 292.163568 1.500000
-163.670092 281.930208 1.500000
36.686340 120.956251 1.500000
8.736123 36.858463 1.500000
177.486666 336.579169 1.500000
237.834841 357.288775 1.500000
150.410202 391.281578 1.500000
87.917626 384.563465 1.500000
-20.388296 268.589546 1.500000
24.270605 362.624781 1.500000
30.732022 194.297516 1.500000
-233.672716 327.113109 1.500000
28.205511 383.100876 1.500000
210.754105 322.584879 1.500000
133.175438 187.933324 1.500000
179.693565 169.429565 1.500000
-37.052513 138.292811 1.500000
38.712498 163.767497 1.500000
-226.279343 335.209611 1.500000
-34.546879 288.564610 1.500000
6.479015 121.514283 1.500000
-104.589743 296.949922 1.500000
-226.985658 169.933872 1.500000
121.735030 239.719447 1.500000
-12.276760 167.933140 1.500000
-12.435197 219.777050 1.500000
-108.700486 300.903023 1.500000
40.499800 300.491832 1.500000
-10.940797 312.403806 1.500000
4.819553 175.116481 1.500000
65.147837 286.912754 1.500000
-231.452816 119.394114 1.500000
238.799031 200.675794 1.500000
-200.182118 244.270264 1.500000
-5.542962 283.464037 1.500000
-131.714020 370.720308 1.500000
36.176303 142.894033 1.500000
-94.902392 344.832928 1.500000
213.870555 139.684747 1.500000
-29.708895 235.548543 1.500000
97.755224 338.747415 1.500000
-109.693523 294.424586 1.500000
-226.842665 350.574068 1.500000
-28.222176 334.506119 1.500000
41.210023 135.489508 1.500000
6.053334 397.186508 1.500000
263.082243 381.753348 1.500000
126.880795 185.243922 1.500000
281.527683 40.406774 1.500000
-83.753058 137.121708 1.500000
179.146726 343.211544 1.500000
50.321088 384.997946 1.500000
87.351480 338.764697 1.500000
279.041833 177.253955 1.500000
103.803354 47.854353 1.500000
230.564082 221.729700 1.500000
147.805162 167.300432 1.500000
-173.687854 69.674219 1.500000
124.087645 71.382407 1.500000
22.148488 88.282805 1.500000
244.819945 108.735637 1.500000
187.058668 308.753009 1.500000
-180.439991 168.169519 1.500000
-167.954176 189.777677 1.500000
-200.745343 255.055521 1.500000
19.641956 388.096885 1.500000
-195.589889 309.751871 1.500000
140.757251 270.753461 1.500000
50.556474 304.412045 1.500000
200.323704 293.311675 1.500000
-94.145695 286.825579 1.500000
34.632775 211.873483 1.500000
-176.949663 239.913823 1.500000
228.087172 192.215148 1.500000
-146.234961 172.531951 1.500000
-180.418173 128.293149 1.500000
-129.169363 155.687815 1.500000
183.722813 183.406540 1.500000
-183.240602 244.791889 1.500000
87.549977 216.832762 1.500000
149.863233 64.422708 1.500000
161.336878 153.710197 1.500000
-142.546996 167.422735 1.500000
-205.176336 288.032688 1.500000
-3.909177 155.380760 1.500000
-133.831295 28.883716 1.500000
124.094330 57.686879 1.500000
-49.727276 214.763383 1.500000
-7.505628 92.758026 1.500000
-184.887744 215.509245 1.500000
62.098439 245.878466 1.500000
-137.243964 378.463407 1.500000
115.316136 274.765305 1.500000
-199.840102 37.149939 1.500000
276.104127 172.438694 1.500000
119.962205 322.845183 1.500000
-140.604146 124.486889 1.500000
-233.404099 374.935082 1.500000
-62.606770 225.586721 1.500000
-163.604559 64.466242 1.500000
-128.922579 124.032520 1.500000
222.890441 367.489734 1.500000
79.053874 401.308469 1.500000
-147.815946 349.108071 1.500000
58.606095 150.323587 1.500000
-99.913267 314.480958 1.500000
275.193380 119.579568 1.500000
-227.449688 166.264871 1.500000
145.076090 295.486399 1.500000
164.340581 394.373793 1.500000
-204.691079 188.505635 1.500000
-152.614347 220.165078 1.500000
-41.492864 106.583328 1.500000
210.174825 177.378157 1.500000
43.028717 46.283782 1.500000
97.948779 349.407313 1.500000
171.153429 35.067350 1.500000
197.958993 286.394925 1.500000
8.378845 136.667491 1.500000
24.414538 204.237118 1.500000
137.668207 124.234929 1.500000
-104.107905 179.079326 1.500000
210.321557 230.744357 1.500000
-232.486619 273.301946 1.500000
-137.528442 380.517643 1.500000
180.128191 149.291476 1.500000
-61.141255 243.700161 1.500000
-156.507736 367.963828 1.500000
-141.365148 134.934182 1.500000
40.751497 356.684673 1.500000
203.513859 386.494472 1.500000
-202.452573 349.912339 1.500000
-225.106184 236.949612 1.500000
4.778536 293.225358 1.500000
265.280636 210.130546 1.500000
-94.869969 250.015960 1.500000
263.711022 392.708601 1.500000
225.788918 117.990941 1.500000
-92.713440 321.714777 1.500000
190.509226 219.029959 1.500000
119.850830 93.003617 1.500000
33.758549 265.661155 1.500000
-9.529166 327.297630 1.500000
187.524378 244.198645 1.500000
178.298736 341.552256 1.500000
161.492387 167.260252 1.500000
284.696138 367.627280 1.500000
8.735513 272.375687 1.500000
189.923330 329.453921 1.500000
216.031063 126.888753 1.500000
-127.919926 200.641932 1.500000
-213.827531 369.767470 1.500000
-24.825805 43.834604 1.500000
210.804357 178.665910 1.500000
-90.982424 317.755998 1.500000
126.912523 303.144186 1.500000
-232.852483 345.875573 1.500000
-51.103236 303.803124 1.500000
83.325618 380.772552 1.500000
-166.688338 217.872816 1.500000
231.478126 259.295046 1.500000
-155.057766 342.951668 1.500000
239.555962 287.190552 1.500000
-120.555731 61.032428 1.500000
285.657493 167.757840 1.500000
78.352066 235.359390 1.500000
-196.445343 312.792674 1.500000
-205.998939 234.241247 1.500000
-203.048797 318.322002 1.500000
66.288104 346.362021 1.500000
187.034181 124.423258 1.500000
-29.677656 255.219574 1.500000
-7.629029 237.408166 1.500000
69.802986 112.494974 1.500000
40.598038 211.391237 1.500000
122.120819 236.115658 1.500000
13.390265 334.628812 1.500000
137.675419 201.019755 1.500000
286.412063 60.993924 1.500000
-57.135289 210.789767 1.500000
-231.551929 343.556703 1.500000
-175.314871 237.362319 1.500000
49.542423 157.702940 1.500000
-52.563287 368.573251 1.500000
252.493470 83.448349 1.500000
83.474221 147.854892 1.500000
31.635479 197.419099 1.500000
174.004471 302.614425 1.500000
-106.979433 342.569307 1.500000
188.883405 46.805980 1.500000
-238.619301 321.658394 1.500000
79.928458 299.554447 1.500000
255.633272 361.275211 1.500000
169.040060 366.236107 1.500000
208.930673 321.193058 1.500000
-32.214302 103.801334 1.500000
196.306041 140.877934 1.500000
50.867432 378.668877 1.500000
89.038887 251.420429 1.500000
-210.388308 229.378184 1.500000
-135.564537 379.070285 1.500000
51.121101 355.207632 1.500000
-206.276540 292.906210 1.500000
152.694467 358.166004 1.500000
203.127591 68.959863 1.500000
245.160952 311.063219 1.500000
-186.839949 388.015794 1.500000
255.889515 40.920404 1.500000
-198.613963 116.930783 1.500000
8.643641 326.461522 1.500000
201.170874 221.749679 1.500000
-204.624382 65.445955 1.500000
-229.566252 124.763865 1.500000
-233.561616 150.309320 1.500000
28.568650 143.626051 1.500000
189.812655 359.288552 1.500000
-174.794321 272.407231 1.500000
-174.139061 304.674746 1.500000
65.472278 37.407072 1.500000
-115.927658 187.750741 1.500000
137.584564 139.574263 1.500000
255.652868 347.445118 1.500000
162.417233 387.179370 1.500000
219.302753 188.602161 1.500000
33.664339 397.387611 1.500000
197.202588 36.418319 1.500000
-140.495180 148.734488 1.500000
-207.609349 316.357418 1.500000
104.562988 158.722068 1.500000
-212.319843 371.722683 1.500000
230.800092 110.156428 1.500000
124.378735 322.100426 1.500000
253.999991 99.632129 1.500000
-74.748021 102.367890 1.500000
15.293872 192.400551 1.500000
152.939883 383.484585 1.500000
-110.284927 244.521182 1.500000
45.803625 266.502450 1.500000
107.976063 27.786261 1.500000
279.306678 42.055606 1.500000
155.385502 54.516284 1.500000
-177.286202 333.089722 1.500000
16.480400 114.907020 1.500000
67.912630 148.228658 1.500000
-166.660223 257.825347 1.500000
-12.832129 247.398359 1.500000
-91.859049 182.699728 1.500000
-185.141240 26.435804 1.500000
27.423182 195.642251 1.500000
-152.059660 306.008111 1.500000
70.553705 119.681013 1.500000
-153.279167 294.178645 1.500000
140.942763 29.133496 1.500000
-137.124909 369.266522 1.500000
233.925499 383.800174 1.500000
-228.456314 26.435804 1.500000
37.245927 193.350696 1.500000
-74.994439 182.114171 1.500000
-123.288733 343.608578 1.500000
13.175994 229.229764 1.500000
200.124276 259.376590 1.500000
239.808059 99.910028 1.500000
-84.360813 51.305823 1.500000
-161.571608 284.744980 1.500000
139.411232 258.401790 1.500000
68.349667 339.781700 1.500000
-134.508311 342.216995 1.500000
159.173885 257.708058 1.500000
29.280519 221.517057 1.500000
101.656716 371.092564 1.500000
-55.693981 324.867728 1.500000
-6.833419 352.810281 1.500000
-142.924226 403.114324 1.500000
158.035540 183.063310 1.500000
-156.307570 296.206316 1.500000
172.261731 286.421491 1.500000
180.316399 92.862371 1.500000
157.115043 259.270538 1.500000
-233.178013 190.353797 1.500000
-97.510770 199.900196 1.500000
4.955931 99.800313 1.500000
75.306922 305.650259 1.500000
239.559908 285.929822 1.500000
-38.143346 231.013738 1.500000
222.265963 86.965288 1.500000
-149.000379 238.818798 1.500000
-44.887431 62.212684 1.500000
-214.449009 155.084644 1.500000
152.739706 163.534805 1.500000
-157.889600 359.187454 1.500000
-107.095642 181.925448 1.500000
162.023469 258.897210 1.500000
35.845463 357.592148 1.500000
-232.193302 180.354220 1.500000
-234.539620 359.303272 1.500000
24.750208 78.942362 1.500000
-80.519472 162.442503 1.500000
-146.403940 58.809246 1.500000
88.634403 239.707495 1.500000
-113.232664 384.139232 1.500000
72.880682 275.621780 1.500000
-37.865376 259.127410 1.500000
-139.358481 129.610482 1.500000
-171.431925 380.032170 1.500000
-113.475774 205.520351 1.500000
-227.682349 127.104006 1.500000
-78.546422 398.391460 1.500000
238.185942 186.089161 1.500000
197.824922 163.996866 1.500000
-41.077246 35.054870 1.500000
66.880362 95.303209 1.500000
53.248590 335.831106 1.500000
189.666530 210.069380 1.500000
-112.385577 386.879120 1.500000
-80.608355 54.408212 1.500000
-80.602428 261.079991 1.500000
-217.632681 299.082550 1.500000
-71.896719 262.702584 1.500000
224.726415 229.130972 1.500000
239.139035 249.026380 1.500000
-179.719652 282.830158 1.500000
-0.094827 347.741707 1.500000
-38.731530 153.574069 1.500000
18.032268 196.810068 1.500000
49.282413 262.682173 1.500000
-231.895249 148.454491 1.500000
210.015549 90.752281 1.500000
269.863965 390.337620 1.500000
104.953048 94.891716 1.500000
109.294797 114.290479 1.500000
37.612972 263.030021 1.500000
-62.244711 59.218064 1.500000
-160.876616 42.395800 1.500000
64.706822 50.313237 1.500000
-215.054262 76.201085 1.500000
192.334733 189.395287 1.500000
-13.400486 337.483637 1.500000
-20.578566 156.394375 1.500000
-70.100909 190.134725 1.500000
271.296103 248.554344 1.500000
-150.974702 137.065867 1.500000
-159.862903 188.932694 1.500000
-153.821016 168.285844 1.500000
104.060922 151.507902 1.500000
279.624600 171.473407 1.500000
-108.996317 33.599573 1.500000
236.970237 363.190614 1.500000
-94.871626 395.544590 1.500000
99.128715 351.860436 1.500000
-217.591275 34.861230 1.500000
18.832485 307.660208 1.500000
101.173061 243.033551 1.500000
42.071427 60.142506 1.500000
-115.177785 373.961539 1.500000
194.821786 322.374767 1.500000
268.007604 80.250178 1.500000
0.370884 391.653969 1.500000
93.223753 73.233776 1.500000
174.187234 201.443859 1.500000
-112.303805 83.326837 1.500000
221.690033 86.501188 1.500000
-88.746559 393.670054 1.500000
174.156776 236.558254 1.500000
-182.992425 122.510855 1.500000
-83.405924 321.951256 1.500000
41.428356 361.033552 1.500000
39.124036 374.223986 1.500000
208.999854 376.681528 1.500000
283.342295 364.644009 1.500000
-181.705814 268.807877 1.500000
-95.929188 154.157572 1.500000
-57.277411 373.926584 1.500000
11.560147 71.905144 1.500000
22.446412 92.664340 1.500000
211.495128 195.268655 1.500000
166.962670 136.366932 1.500000
-232.661791 258.397784 1.500000
0.113601 364.746010 1.500000
84.943565 213.399589 1.500000
1.565270 240.063288 1.500000
-173.558009 188.831806 1.500000
-28.223662 293.585101 1.500000
-22.461685 62.896064 1.500000
-140.724643 45.774087 1.500000
164.199276 271.477961 1.500000
-69.618490 228.609990 1.500000
73.512754 179.568525 1.500000
32.141906 150.181924 1.500000
220.787329 53.718835 1.500000
-179.243672 280.113898 1.500000
-179.425412 182.243499 1.500000
-90.134771 194.651002 1.500000
-12.377849 362.371506 1.500000
-82.134363 307.324137 1.500000
161.018240 112.266661 1.500000
-111.420985 270.333419 1.500000
-199.436025 73.986849 1.500000
-18.211868 96.909259 1.500000
166.027930 297.794065 1.500000
204.779341 75.141039 1.500000
147.585539 130.864370 1.500000
53.861296 365.365015 1.500000
140.055135 301.164602 1.500000
117.192014 374.315581 1.500000
-116.901958 354.703421 1.500000
53.811917 144.614227 1.500000
166.989249 265.063883 1.500000
-73.397611 166.129229 1.500000
106.699842 290.283659 1.500000
13.364658 160.863425 1.500000
25.905821 26.435804 1.500000
-192.447739 60.841349 1.500000
112.361414 318.400450 1.500000
214.330324 58.059670 1.500000
-169.256730 248.109341 1.500000
-44.771010 348.220179 1.500000
-210.187232 304.170783 1.500000
-228.004640 181.658064 1.500000
281.502554 104.629027 1.500000
18.251749 378.633880 1.500000
-50.417929 239.160885 1.500000
-94.806242 173.994585 1.500000
285.866147 381.562098 1.500000
-108.368871 112.671623 1.500000
146.540935 192.532538 1.500000
-85.964214 66.046048 1.500000
-201.606468 72.560144 1.500000
119.689382 178.330886 1.500000
-239.194020 289.054706 1.500000
115.643321 149.543044 1.500000
-105.051898 284.177217 1.500000
150.054648 329.539685 1.500000
164.645093 358.607428 1.500000
140.239091 41.532596 1.500000
-232.619521 316.995257 1.500000
132.932177 81.995858 1.500000
284.410026 287.123941 1.500000
-114.437411 166.157831 1.500000
-92.792114 294.447971 1.500000
183.436266 103.419314 1.500000
-155.776758 270.309320 1.500000
107.245859 70.443343 1.500000
157.635540 87.164433 1.500000
-220.515581 255.902025 1.500000
51.125279 157.386646 1.500000
61.842241 286.388349 1.500000
-80.825261 283.128802 1.500000
225.366325 260.512624 1.500000
-156.345382 305.116266 1.500000
-41.732128 331.337982 1.500000
204.792854 368.483302 1.500000
-139.196400 58.382466 1.500000
194.034572 241.442388 1.500000
-199.563188 308.181039 1.500000
21.510745 108.972799 1.500000
-199.021547 120.979833 1.500000
116.133183 126.851887 1.500000
180.225266 243.373616 1.500000
204.278631 161.785095 1.500000
274.845509 278.711609 1.500000
115.334172 251.114620 1.500000
167.169907 274.236416 1.500000
27.038277 125.504967 1.500000
240.064679 314.832348 1.500000
98.007585 273.629202 1.500000
228.467010 71.373294 1.500000
-115.592132 103.008191 1.500000
18.702151 142.586959 1.500000
141.304568 378.854251 1.500000
-129.013586 147.973715 1.500000
-131.170706 28.131105 1.500000
275.664277 80.155265 1.500000
-7.354010 36.486438 1.500000
-142.940035 176.281394 1.500000
-68.012027 331.555615 1.500000
-34.066919 190.700461 1.500000
93.482021 337.463600 1.500000
242.736568 45.033055 1.500000
277.688582 202.214384 1.500000
104.062019 321.353788 1.500000
127.689638 281.407124 1.500000
-69.092765 348.444593 1.500000
206.767087 126.662550 1.500000
-126.243584 213.320446 1.500000
-182.268546 281.550099 1.500000
274.367884 90.403578 1.500000
213.129799 335.182431 1.500000
-83.457745 142.010390 1.500000
115.949492 62.623809 1.500000
1.726784 317.710076 1.500000
-66.277102 292.141511 1.500000
-88.807142 358.990501 1.500000
-170.775608 361.754569 1.500000
45.852018 129.498322 1.500000
-6.992104 265.209447 1.500000
24.770640 401.889561 1.500000
-125.413933 119.624890 1.500000
251.666715 201.890824 1.500000
97.239119 369.049722 1.500000
235.139382 64.689381 1.500000
-179.881042 381.421019 1.500000
88.504486 212.481865 1.500000
210.491832 364.944780 1.500000
-61.866847 263.253202 1.500000
-136.771341 277.714069 1.500000
-99.782123 321.733209 1.500000
-98.242260 52.202044 1.500000
-7.738560 262.768657 1.500000
-64.790146 370.818930 1.500000
-95.626829 385.382232 1.500000
103.326528 385.883876 1.500000
-214.174928 268.962625 1.500000
-56.179318 263.252454 1.500000
122.303179 233.342474 1.500000
-150.114311 251.130237 1.500000
-125.684931 259.118291 1.500000
-129.922933 44.187685 1.500000
-240.337582 64.981045 1.500000
6.966045 264.741125 1.500000
-211.120525 145.263001 1.500000
-93.743520 143.046518 1.500000
281.475601 100.084655 1.500000
240.182954 326.899596 1.500000
-132.064568 388.843278 1.500000
-76.752569 264.815521 1.500000
6.102703 394.818941 1.500000
209.013348 362.876602 1.500000
176.773932 109.263437 1.500000
-177.816094 85.717088 1.500000
-175.142847 107.560606 1.500000
-12.461005 62.404945 1.500000
220.642563 248.263276 1.500000
225.418777 132.437613 1.500000
-187.457429 367.277379 1.500000
55.813355 258.938322 1.500000
-158.219178 163.739387 1.500000
120.782680 396.891365 1.500000
241.589883 386.413270 1.500000
-1.929320 322.606108 1.500000
-198.818822 324.490609 1.500000
61.851434 393.211459 1.500000
-20.983048 250.486817 1.500000
184.143463 357.159022 1.500000
-61.889701 55.459690 1.500000
220.396973 234.544176 1.500000
-94.047148 216.801265 1.500000
-159.920714 39.672137 1.500000
-75.964948 57.958056 1.500000
-223.684700 32.024151 1.500000
-92.677060 137.485762 1.500000
112.308443 45.041075 1.500000
-168.297757 189.651961 1.500000
-179.513408 332.257413 1.500000
-167.589844 257.518716 1.500000
-198.557572 279.697446 1.500000
220.023718 39.416888 1.500000
263.351832 347.140080 1.500000
-215.853048 78.383251 1.500000
160.642191 141.271317 1.500000
146.947258 216.394623 1.500000
285.237349 380.413978 1.500000
-54.204481 402.092743 1.500000
-90.771738 316.762534 1.500000
-8.002327 297.325487 1.500000
212.403799 227.644074 1.500000
140.213857 272.169429 1.500000
10.315724 81.672154 1.500000
-111.518165 126.550561 1.500000
145.447029 396.745345 1.500000
206.939111 393.414203 1.500000
-31.269077 145.234018 1.500000
110.819456 115.771314 1.500000
-33.972889 114.606243 1.500000
15.042927 208.196051 1.500000
31.282505 111.987566 1.500000
171.567656 269.983836 1.500000
275.836543 56.452554 1.500000
-6.864466 66.733613 1.500000
-58.987926 129.128834 1.500000
-42.595452 316.420938 1.500000
-171.012846 151.078987 1.500000
-83.030758 201.342207 1.500000
-192.607888 275.273580 1.500000
-17.778479 323.555134 1.500000
-151.143615 140.727988 1.500000
-65.746927 303.064682 1.500000
171.890416 138.294885 1.500000
-109.101699 271.068917 1.500000
80.724205 196.660537 1.500000
231.799096 380.341042 1.500000
58.133089 391.346486 1.500000
-139.445247 314.694733 1.500000
-61.697935 369.878204 1.500000
65.722041 82.111990 1.500000
20.615184 275.786832 1.500000
-159.835759 96.007888 1.500000
-6.255265 129.454765 1.500000
48.631255 219.400609 1.500000
-100.818120 305.805118 1.500000
83.332785 300.912621 1.500000
-203.756988 356.869424 1.500000
-62.896606 237.906654 1.500000
183.594064 374.094123 1.500000
-105.096525 360.598167 1.500000
74.750244 348.307363 1.500000
-22.056181 119.933009 1.500000
-68.861674 223.065549 1.500000
247.212105 308.526864 1.500000
-61.184404 394.844821 1.500000
-117.868147 33.283841 1.500000
236.973716 150.208320 1.500000
152.060830 159.604371 1.500000
118.642792 136.109623 1.500000
-217.238854 332.395694 1.500000
-175.664623 44.763588 1.500000
96.057594 165.207479 1.500000
-140.610137 294.512751 1.500000
-121.784824 173.423677 1.500000
167.239111 80.356660 1.500000
-87.386253 256.824960 1.500000
-199.486091 223.157070 1.500000
-217.933329 394.786971 1.500000
-7.933075 312.358603 1.500000
81.329245 390.788213 1.500000
214.903629 96.912773 1.500000
-181.108574 313.636230 1.500000
-141.677834 240.510632 1.500000
42.915350 294.779521 1.500000
-49.535522 203.889284 1.500000
15.339370 106.813901 1.500000
241.100470 43.947107 1.500000
43.905957 347.489861 1.500000
-27.389985 330.021646 1.500000
283.913106 85.659416 1.500000
-206.465865 271.724105 1.500000
252.366761 305.094764 1.500000
24.102856 235.631476 1.500000
26.421315 145.717444 1.500000
244.294478 361.010977 1.500000
26.284507 269.884662 1.500000
-9.682000 295.587382 1.500000
-95.587418 272.786669 1.500000
107.990271 297.980346 1.500000
68.157078 82.490746 1.500000
-122.386393 372.994063 1.500000
128.009143 130.469668 1.500000
98.505625 343.563794 1.500000
-32.259787 364.600302 1.500000
-234.179006 275.983645 1.500000
-6.048364 247.854163 1.500000
-235.753604 67.300776 1.500000
-207.843339 190.059769 1.500000
-18.054771 255.640459 1.500000
-190.909432 52.651140 1.500000
-94.980179 65.222295 1.500000
101.946883 401.470417 1.500000
-77.045947 150.082024 1.500000
282.014284 155.693290 1.500000
241.474068 125.472620 1.500000
63.616348 276.898738 1.500000
266.635316 204.464039 1.500000
215.641209 319.667633 1.500000
-68.995802 220.670812 1.500000
155.904112 26.435804 1.500000
-166.345916 204.203271 1.500000
120.172314 48.464617 1.500000
20.808143 333.717272 1.500000
-234.095082 68.360261 1.500000
-98.085238 103.706839 1.500000
264.132435 199.863609 1.500000
-74.810902 103.327166 1.500000
-144.798050 227.709835 1.500000
-142.047865 199.912755 1.500000
15.848186 382.783074 1.500000
207.444265 57.486859 1.500000
157.061081 241.184267 1.500000
-15.505550 300.152653 1.500000
-132.525261 70.269651 1.500000
-218.763792 265.181854 1.500000
5.848019 353.205543 1.500000
191.606536 325.820494 1.500000
140.928926 380.016338 1.500000
-27.370787 297.647058 1.500000
68.484806 173.135513 1.500000
-10.141746 375.926019 1.500000
64.524199 108.721185 1.500000
34.625487 243.747304 1.500000
119.852727 318.900203 1.500000
28.928480 356.086168 1.500000
250.502921 372.864357 1.500000
-16.752867 60.239953 1.500000
-229.106983 299.642133 1.500000
-117.443634 99.004428 1.500000
18.474205 320.666862 1.500000
46.832418 290.315873 1.500000
48.899115 92.170124 1.500000
139.240393 336.877885 1.500000
-95.722015 200.242116 1.500000
109.068536 227.221335 1.500000
134.600740 391.912509 1.500000
-27.603558 272.980439 1.500000
-24.192488 247.777449 1.500000
-148.007083 33.957948 1.500000
-21.782769 103.341617 1.500000
174.633081 34.307936 1.500000
237.182266 154.596810 1.500000
70.061618 155.546588 1.500000
-83.753826 231.459654 1.500000
116.014597 284.500499 1.500000
155.420052 89.157288 1.500000
-66.788012 255.567027 1.500000
198.523052 373.117933 1.500000
-198.436810 99.729274 1.500000
-233.584276 275.629039 1.500000
-175.969808 50.628281 1.500000
-157.578895 225.941045 1.500000
224.354483 308.896620 1.500000
-16.177216 37.682239 1.500000
-100.217658 153.595719 1.500000
-19.777351 359.177409 1.500000
-27.828317 113.866888 1.500000
-89.446897 301.056101 1.500000
-167.111970 247.342606 1.500000
104.460721 87.887400 1.500000
-167.898858 304.095770 1.500000
164.697073 225.725629 1.500000
-133.046460 67.783287 1.500000
145.530043 386.976041 1.500000
192.287648 212.355071 1.500000
-173.932211 305.569181 1.500000
-190.599574 104.034023 1.500000
255.353480 82.708945 1.500000
6.632445 303.728189 1.500000
92.317561 279.858779 1.500000
-227.275937 136.102889 1.500000
-92.676388 305.684421 1.500000
30.999468 215.828504 1.500000
227.242913 158.441440 1.500000
-99.709331 318.023210 1.500000
166.146356 253.599220 1.500000
110.934225 216.068062 1.500000
-178.276379 316.307632 1.500000
-90.393735 232.063623 1.500000
-113.498860 377.027582 1.500000
-10.483359 335.881753 1.500000
95.639279 154.887218 1.500000
-14.450542 201.350025 1.500000
-112.372473 388.123137 1.500000
124.581887 364.625404 1.500000
72.089098 97.962960 1.500000
34.416378 127.779150 1.500000
55.486083 163.129575 1.500000
-114.765858 361.557915 1.500000
118.219654 373.975582 1.500000
-31.715842 331.594471 1.500000
-50.979404 133.700987 1.500000
-157.700507 355.366387 1.500000
71.623745 38.436965 1.500000
77.060437 182.763568 1.500000
-59.473706 164.174897 1.500000
214.670824 230.425159 1.500000
201.189411 239.037028 1.500000
-185.494330 112.131211 1.500000
127.607992 100.231052 1.500000
-33.988414 329.753472 1.500000
282.069815 51.206111 1.500000
-122.019395 212.477847 1.500000
-92.928471 96.640236 1.500000
-6.927503 149.962286 1.500000
-97.204249 129.797220 1.500000
125.566632 294.014634 1.500000
10.676076 198.909074 1.500000
-125.222219 139.001712 1.500000
29.178145 339.904241 1.500000
226.201503 59.664331 1.500000
175.871267 312.418216 1.500000
17.907570 121.178704 1.500000
-88.460247 374.825519 1.500000
-144.546639 29.721836 1.500000
216.423807 235.056406 1.500000
130.531850 261.352862 1.500000
56.784051 242.801155 1.500000
225.269362 333.078338 1.500000
-181.974320 65.122514 1.500000
118.927353 187.107023 1.500000
-124.030862 357.593356 1.500000
-176.259993 359.091505 1.500000
3.601659 216.509949 1.500000
-35.239089 240.983552 1.500000
258.536202 311.310824 1.500000
-70.004306 313.622995 1.500000
182.195082 365.507352 1.500000
157.549973 344.267787 1.500000
112.691873 180.981692 1.500000
244.383811 271.325944 1.500000
-31.404562 207.352908 1.500000
-35.973349 79.747728 1.500000
-158.185015 334.353234 1.500000
-98.728844 254.089176 1.500000
222.675005 52.161856 1.500000
7.935137 285.259827 1.500000
-61.940137 136.361847 1.500000
-124.281755 51.249493 1.500000
15.881774 254.468523 1.500000
135.679103 295.719682 1.500000
-91.189803 221.062200 1.500000
157.424750 28.661807 1.500000
90.660572 245.960309 1.500000
176.262869 34.311763 1.500000
-111.298704 377.527841 1.500000
96.431587 130.335851 1.500000
-157.603262 354.472884 1.500000
-56.921435 34.850005 1.500000
141.474888 63.088572 1.500000
95.515726 199.893435 1.500000
-140.215894 314.600408 1.500000
210.557093 382.656728 1.500000
-212.418246 218.098841 1.500000
73.727030 163.610260 1.500000
280.198282 44.352949 1.500000
35.387062 248.414349 1.500000
179.600960 170.530751 1.500000
78.089519 370.344651 1.500000
172.252751 211.165764 1.500000
109.580102 313.341470 1.500000
132.672740 347.341406 1.500000
-121.814243 61.122564 1.500000
146.824477 194.223179 1.500000
-115.815226 363.833825 1.500000
279.511313 184.426091 1.500000
-116.634072 239.598272 1.500000
-108.848435 353.609179 1.500000
211.857763 112.914809 1.500000
-110.880696 364.469922 1.500000
-52.367473 176.793079 1.500000
128.577914 244.057286 1.500000
-156.835782 151.112697 1.500000
-160.007854 224.080230 1.500000
17.781616 43.757783 1.500000
-117.614583 47.636370 1.500000
-118.422836 182.516786 1.500000
-234.667946 151.035946 1.500000
-44.086305 262.211920 1.500000
-72.841533 35.467456 1.500000
-218.324234 86.701219 1.500000
91.605165 102.289672 1.500000
87.699830 193.135565 1.500000
-198.215229 122.932541 1.500000
-68.049447 79.799746 1.500000
219.040715 248.245030 1.500000
66.454924 305.348707 1.500000
-23.482207 282.134035 1.500000
2.719695 131.990107 1.500000
-132.263172 346.938110 1.500000
191.278678 252.657683 1.500000
242.426200 259.721667 1.500000
237.691810 110.401019 1.500000
-125.158209 117.136178 1.500000
-78.929587 205.625214 1.500000
-156.221158 111.498974 1.500000
-75.779984 279.442195 1.500000
-67.612714 137.114410 1.500000
95.855748 83.525190 1.500000
-139.850548 82.621660 1.500000
244.382947 75.998473 1.500000
-182.952584 191.487253 1.500000
-234.184516 30.544206 1.500000
205.790907 233.352595 1.500000
127.120873 137.832728 1.500000
-53.840446 231.532396 1.500000
74.409595 373.041981 1.500000
-118.492079 358.088079 1.500000
-151.443192 240.736965 1.500000
12.951146 179.424609 1.500000
-56.416045 289.883594 1.500000
82.121893 369.699938 1.500000
-126.344624 211.224223 1.500000
106.407666 62.833958 1.500000
167.084665 317.775811 1.500000
-160.871545 32.893165 1.500000
-218.745953 317.768663 1.500000
-5.340466 59.040850 1.500000
166.442375 64.020957 1.500000
105.679125 317.777334 1.500000
135.971417 284.571730 1.500000
-27.900949 244.075468 1.500000
-113.073297 334.785056 1.500000
47.034147 347.611081 1.500000
-131.481753 203.326631 1.500000
142.058937 402.483959 1.500000
-133.878175 158.882532 1.500000
-83.362109 93.229569 1.500000
26.368254 343.811531 1.500000
14.585172 183.839578 1.500000
81.311800 357.377509 1.500000
-10.725637 47.992936 1.500000
247.575843 68.825863 1.500000
202.886005 46.405789 1.500000
228.216011 251.320797 1.500000
88.712911 343.731851 1.500000
91.599671 176.337982 1.500000
83.121067 66.005038 1.500000
-14.653526 164.547031 1.500000
-70.318475 156.355739 1.500000
76.144956 273.342624 1.500000
-232.243192 276.744013 1.500000
-235.203491 67.697905 1.500000
211.899684 181.461822 1.500000
-215.961456 268.704453 1.500000
33.316799 123.947007 1.500000
82.819180 177.206765 1.500000
-138.466516 259.692014 1.500000
231.695793 175.858464 1.500000
-141.034818 34.188701 1.500000
224.040592 105.427865 1.500000
162.965713 323.905700 1.500000
-108.788970 118.510503 1.500000
-159.949683 332.981626 1.500000
-69.731117 199.217943 1.500000
-25.980788 208.678812 1.500000
-112.630512 312.531961 1.500000
286.412063 167.201836 1.500000
-120.643138 115.300836 1.500000
192.752526 65.934544 1.500000
-155.455082 281.505728 1.500000
272.849477 201.426279 1.500000
-120.090271 335.954992 1.500000
-22.880920 196.825673 1.500000
54.398821 179.660332 1.500000
-181.689323 135.695639 1.500000
191.943693 99.234326 1.500000
-96.827215 335.737936 1.500000
47.520764 64.552596 1.500000
52.561347 363.245415 1.500000
76.138457 36.173416 1.500000
-210.777800 220.068393 1.500000
-152.113558 44.883537 1.500000
-153.907448 323.416670 1.500000
-78.103354 110.910328 1.500000
-161.497195 243.413686 1.500000
243.884140 367.227358 1.500000
33.488134 266.999937 1.500000
85.381351 99.540242 1.500000
-54.258258 325.764209 1.500000
-95.208427 188.607303 1.500000
27.851215 34.645909 1.500000
-88.813514 209.991868 1.500000
-56.647760 334.189821 1.500000
-2.015461 181.677937 1.500000
24.756258 311.140535 1.500000
281.442893 295.038660 1.500000
-125.110500 196.623773 1.500000
23.560718 151.914411 1.500000
-162.112252 296.157551 1.500000
-55.526085 165.061707 1.500000
142.134299 95.438728 1.500000
-147.911921 143.845450 1.500000
69.455619 357.536725 1.500000
-26.699941 134.937695 1.500000
-214.495866 115.214602 1.500000
252.349671 75.942135 1.500000
-19.228017 44.591157 1.500000
174.904532 394.924474 1.500000
-19.016503 228.320134 1.500000
256.599808 296.968315 1.500000
-85.907377 320.897841 1.500000
-29.624786 156.415896 1.500000
163.720497 323.135553 1.500000
-61.823941 386.819221 1.500000
-47.471749 303.163402 1.500000
284.228185 293.755662 1.500000
52.474155 185.521634 1.500000
119.475205 344.686938 1.500000
92.789841 64.042087 1.500000
192.764032 309.143150 1.500000
216.107198 158.458139 1.500000
52.017520 236.886362 1.500000
-87.821117 363.459916 1.500000
-227.073420 248.432815 1.500000
80.216838 32.373470 1.500000
192.848688 293.683016 1.500000
-2.770435 376.725668 1.500000
-152.730753 274.754451 1.500000
-91.732130 347.131281 1.500000
28.721734 339.755977 1.500000
201.580517 349.174478 1.500000
-153.686275 152.090516 1.500000
82.756676 209.735406 1.500000
154.349318 352.351343 1.500000
253.096862 370.598980 1.500000
-176.694717 82.835374 1.500000
247.110105 95.001964 1.500000
79.225475 156.634325 1.500000
165.894649 317.610686 1.500000
-209.288282 358.050767 1.500000
27.485109 249.989824 1.500000
90.934678 67.533293 1.500000
-77.557680 141.233397 1.500000
-17.967769 348.992605 1.500000
49.262552 160.424485 1.500000
50.083078 72.361326 1.500000
-218.548707 143.394200 1.500000
-7.767501 332.699491 1.500000
-130.129800 215.042567 1.500000
248.557351 94.865851 1.500000
273.768206 151.441045 1.500000
-82.521749 380.573234 1.500000
-150.070983 190.943696 1.500000
-127.723979 185.033129 1.500000
10.939339 86.947895 1.500000
220.390584 142.807982 1.500000
22.795604 331.670090 1.500000
-206.194365 314.569978 1.500000
-219.706783 190.435663 1.500000
-120.817270 363.723943 1.500000
206.037775 169.481847 1.500000
86.513883 350.145907 1.500000
57.818285 35.635503 1.500000
-76.157597 157.074639 1.500000
245.423486 346.116103 1.500000
-65.523383 368.367657 1.500000
198.774238 311.128384 1.500000
229.152203 273.585871 1.500000
14.624520 334.149085 1.500000
231.356273 294.200350 1.500000
-96.661239 127.049340 1.500000
104.935604 204.841647 1.500000
-193.352859 272.613112 1.500000
6.243862 252.125956 1.500000
-127.670231 355.674964 1.500000
-205.675242 205.007403 1.500000
-238.446680 95.742030 1.500000
-70.706128 111.640334 1.500000
67.488241 350.793840 1.500000
-3.584792 33.544971 1.500000
-81.775978 353.408699 1.500000
286.412063 49.113657 1.500000
256.254259 174.638348 1.500000
-178.148340 325.716697 1.500000
-19.558244 179.628885 1.500000
99.165650 341.590164 1.500000
146.013863 66.154705 1.500000
-49.117761 225.300876 1.500000
158.834362 242.593759 1.500000
-178.343930 360.862196 1.500000
-64.614563 62.946752 1.500000
134.987367 156.206482 1.500000
91.457090 274.447716 1.500000
201.542963 397.955920 1.500000
-211.892004 348.341395 1.500000
-146.322453 341.128543 1.500000
-216.873679 223.507679 1.500000
-130.392875 242.214955 1.500000
-236.415334 350.732949 1.500000
23.603029 348.485199 1.500000
38.568459 327.804891 1.500000
108.099181 336.087841 1.500000
-35.806704 355.176364 1.500000
-237.159848 72.049937 1.500000
117.533791 138.855542 1.500000
-209.135258 394.520266 1.500000
213.374686 231.693602 1.500000
-222.080440 93.484609 1.500000
44.996664 215.913877 1.500000
233.462989 265.832369 1.500000
61.337189 337.118915 1.500000
80.313381 332.582758 1.500000
117.729397 49.239825 1.500000
-176.441917 199.345057 1.500000
108.619675 38.600679 1.500000
227.979830 356.770273 1.500000
276.365256 90.873955 1.500000
-11.990159 268.034254 1.500000
-56.199810 239.146583 1.500000
156.444847 259.770523 1.500000
45.024118 237.847480 1.500000
-103.323922 302.037023 1.500000
-154.881839 260.263407 1.500000
-150.702579 62.122421 1.500000
1.772202 165.765515 1.500000
-150.483265 226.540344 1.500000
-234.053103 148.883657 1.500000
-211.559090 311.177341 1.500000
252.658216 148.214961 1.500000
-200.683227 343.800543 1.500000
-202.477243 80.673600 1.500000
5.392893 315.215685 1.500000
-114.004820 103.096779 1.500000
269.081416 223.193194 1.500000
240.253706 143.141445 1.500000
-21.102281 270.638712 1.500000
-2.808164 106.418646 1.500000
-40.943133 326.899524 1.500000
-218.874467 249.187044 1.500000
-89.255581 382.811102 1.500000
-178.326017 293.958011 1.500000
-187.241050 251.519850 1.500000
57.968201 339.767623 1.500000
-187.613938 107.526497 1.500000
-186.738748 261.257485 1.500000
16.889446 175.689381 1.500000
-13.312793 306.636877 1.500000
-171.725968 31.898009 1.500000
-240.337582 183.974674 1.500000
-135.063432 272.541337 1.500000
-116.371599 194.936426 1.500000
184.091877 116.757045 1.500000
241.541469 205.364863 1.500000
-23.436964 348.517495 1.500000
-27.370155 102.477643 1.500000
136.191415 165.564692 1.500000
90.683908 395.719194 1.500000
-142.328682 370.683276 1.500000
-178.558163 38.250400 1.500000
-14.698948 223.082410 1.500000
56.980408 52.946636 1.500000
-166.679440 368.518522 1.500000
-85.711012 189.198850 1.500000
-80.375873 180.855292 1.500000
-104.302996 127.734289 1.500000
6.958295 244.595708 1.500000
103.451266 83.316488 1.500000
35.297198 327.700928 1.500000
-132.635584 211.638682 1.500000
-186.983442 239.774937 1.500000
194.240429 347.264367 1.500000
12.462788 90.730304 1.500000
-203.579791 94.738179 1.500000
-107.875341 183.418173 1.500000
177.783367 324.062398 1.500000
156.716935 50.011984 1.500000
223.505606 328.159075 1.500000
77.669683 219.810999 1.500000
-15.554606 233.926923 1.500000
-14.031438 242.044198 1.500000
-142.589328 47.401288 1.500000
103.314259 119.136530 1.500000
71.797519 317.041417 1.500000
-158.247507 183.834083 1.500000
222.255172 236.318898 1.500000
-47.248658 385.219455 1.500000
-212.467435 43.727210 1.500000
-62.239533 194.522084 1.500000
211.990095 160.701748 1.500000
243.752670 67.446706 1.500000
15.182987 382.737996 1.500000
264.937323 389.063266 1.500000
222.459224 146.427748 1.500000
193.652963 383.375149 1.500000
214.409187 45.614449 1.500000
-35.765157 395.957873 1.500000
157.638449 345.360555 1.500000
59.764052 110.098280 1.500000
143.032429 256.848242 1.500000
-144.202728 333.054339 1.500000
146.615170 141.424854 1.500000
262.000992 160.481998 1.500000
-77.953477 263.020732 1.500000
285.249822 82.177272 1.500000
-41.392082 69.771001 1.500000
-134.849823 118.901717 1.500000
-184.386422 302.353665 1.500000
170.982201 164.818008 1.500000
48.692792 220.348794 1.500000
-78.163814 98.576744 1.500000
79.141097 98.565717 1.500000
-64.284998 269.352604 1.500000
-6.840995 64.275381 1.500000
213.567770 277.288630 1.500000
108.758264 178.401234 1.500000
161.820031 283.061177 1.500000
62.120466 166.648789 1.500000
282.335723 345.034335 1.500000
-114.011106 50.897029 1.500000
-101.632914 359.385200 1.500000
-196.538994 131.435748 1.500000
53.456141 41.143679 1.500000
81.852949 240.415485 1.500000
142.713757 110.291024 1.500000
-69.251782 200.784002 1.500000
-237.609516 333.477452 1.500000
91.518640 324.230224 1.500000
286.412063 255.577670 1.500000
-83.602000 395.603059 1.500000
-143.060549 198.762821 1.500000
-94.689861 40.835803 1.500000
-19.568927 334.471344 1.500000
-107.339320 105.557024 1.500000
-55.474444 94.198292 1.500000
96.464513 54.780951 1.500000
-53.465541 152.385842 1.500000
-33.761059 153.582250 1.500000
-218.713019 143.345113 1.500000
238.108780 248.069763 1.500000
-25.377411 308.354994 1.500000
-63.079982 382.188658 1.500000
-197.906589 63.031572 1.500000
96.244596 83.027932 1.500000
219.005023 245.992646 1.500000
-220.729287 61.809222 1.500000
-162.414542 167.843174 1.500000
-158.487896 255.838672 1.500000
77.601910 313.430443 1.500000
247.280403 110.480914 1.500000
-15.065098 276.451177 1.500000
-57.446248 271.126646 1.500000
164.620440 354.964751 1.500000
146.831771 141.578549 1.500000
-113.251859 303.970518 1.500000
-153.810347 308.868807 1.500000
-52.769410 114.480850 1.500000
171.547044 260.336542 1.500000
126.718992 282.368958 1.500000
110.569988 130.787175 1.500000
196.052270 196.757913 1.500000
-93.481242 193.758389 1.500000
-59.000503 319.812342 1.500000
-216.433739 26.435804 1.500000
216.004921 217.067512 1.500000
70.175385 91.236186 1.500000
-81.328688 273.278525 1.500000
-202.616747 282.782711 1.500000
140.993208 211.597357 1.500000
155.559789 229.356774 1.500000
105.076749 148.224077 1.500000
-132.272100 142.154749 1.500000
245.619201 308.337189 1.500000
157.048097 78.692511 1.500000
106.385760 317.117845 1.500000
100.759245 270.571421 1.500000
237.510697 359.406710 1.500000
248.062647 120.198544 1.500000
77.342116 215.636613 1.500000
-23.447977 37.800627 1.500000
-50.097752 370.016702 1.500000
189.309272 277.033322 1.500000
104.711789 261.309788 1.500000
-200.207025 305.822698 1.500000
-167.085382 137.123371 1.500000
227.563235 250.160668 1.500000
222.837387 326.127592 1.500000
262.623477 63.006077 1.500000
-13.395610 389.713662 1.500000
170.712613 360.544801 1.500000
194.142689 387.724905 1.500000
-68.464736 331.170118 1.500000
-155.691855 131.796593 1.500000
286.412063 247.071249 1.500000
-219.741787 74.947621 1.500000
79.623177 309.346877 1.500000
108.805217 80.050909 1.500000
117.888928 357.187602 1.500000
-108.320562 117.706728 1.500000
145.254498 88.986402 1.500000
-129.242071 49.180557 1.500000
193.272236 290.439323 1.500000
-127.934856 97.817131 1.500000
126.257882 103.975717 1.500000
166.372066 86.969155 1.500000
-145.109803 141.316851 1.500000
-116.845300 376.208266 1.500000
166.467260 207.631055 1.500000
-191.850419 123.931848 1.500000
-139.834373 92.084759 1.500000
1.344227 27.238236 1.500000
251.038009 167.881890 1.500000
55.011049 67.381950 1.500000
-33.164019 40.493805 1.500000
276.375028 67.322139 1.500000
2.966983 148.972918 1.500000
-16.919568 315.330921 1.500000
-21.942109 49.323242 1.500000
-79.680750 282.484024 1.500000
-67.637107 257.208721 1.500000
122.217011 358.355942 1.500000
-222.908553 97.900042 1.500000
119.584327 329.001397 1.500000
-133.779226 351.065175 1.500000
-37.371310 390.642043 1.500000
-162.707239 331.218898 1.500000
48.866670 70.500123 1.500000
145.622333 381.465317 1.500000
-55.585851 335.441003 1.500000
-157.481730 107.871029 1.500000
-119.001946 91.164723 1.500000
193.412399 378.151245 1.500000
-97.535111 88.111053 1.500000
167.115149 319.197004 1.500000
-71.696809 178.235794 1.500000
-136.477705 295.781293 1.500000
136.906651 54.764440 1.500000
8.226530 294.857904 1.500000
-217.531590 219.908211 1.500000
265.760146 362.866442 1.500000
-161.634808 92.465651 1.500000
-53.042620 66.369763 1.500000
-37.052643 101.187116 1.500000
24.521284 57.278665 1.500000
170.865283 395.550849 1.500000
-240.035709 72.530672 1.500000
249.859236 100.476812 1.500000
105.159631 333.328750 1.500000
258.685747 118.852441 1.500000
191.512961 109.939933 1.500000
251.613895 282.793993 1.500000
78.576196 179.017801 1.500000
-49.070981 340.588260 1.500000
-2.778797 265.876987 1.500000
107.205399 133.995583 1.500000
-16.822523 245.596859 1.500000
145.512453 356.103975 1.500000
-192.973832 161.674284 1.500000
204.422246 306.412358 1.500000
-134.379258 183.195920 1.500000
258.335909 235.174889 1.500000
-162.906484 304.393300 1.500000
-171.901932 51.971534 1.500000
186.456559 196.029283 1.500000
192.940371 58.444462 1.500000
150.908939 299.972398 1.500000
269.872494 249.631814 1.500000
-93.818221 148.179326 1.500000
194.900433 51.601113 1.500000
-57.733516 372.646728 1.500000
40.255634 146.878018 1.500000
-4.709711 131.754220 1.500000
-236.782726 63.996327 1.500000
63.033954 244.872382 1.500000
151.805548 124.879687 1.500000
-144.080464 351.200440 1.500000
245.993761 284.521898 1.500000
37.278791 26.435804 1.500000
-149.677884 242.139379 1.500000
99.288152 117.483505 1.500000
-135.502664 29.901611 1.500000
-207.734675 255.482430 1.500000
120.956410 99.961280 1.500000
-180.036363 363.299422 1.500000
-185.393528 242.253207 1.500000
150.575310 100.343951 1.500000
-210.507558 393.997338 1.500000
182.815617 231.644792 1.500000
177.640548 89.740196 1.500000
-164.794887 223.105166 1.500000
36.565816 389.006618 1.500000
-185.596358 191.603206 1.500000
99.155544 189.936692 1.500000
-205.732848 200.798221 1.500000
255.927430 129.033332 1.500000
-131.107348 85.349723 1.500000
119.035641 240.219438 1.500000
-173.983760 363.721845 1.500000
-128.783861 304.563481 1.500000
-1.511549 65.346273 1.500000
58.019334 178.228958 1.500000
286.412063 31.592614 1.500000
-232.191361 145.653830 1.500000
-240.337582 275.491300 1.500000
-52.333893 134.206634 1.500000
-45.642671 343.022952 1.500000
224.152447 204.137959 1.500000
246.271421 277.767107 1.500000
222.158416 360.272624 1.500000
-170.924079 283.266552 1.500000
-21.903287 364.440239 1.500000
147.221622 327.988750 1.500000
-78.164159 241.556051 1.500000
110.891065 139.696913 1.500000
-116.805236 136.452143 1.500000
-68.234774 352.274541 1.500000
209.419132 50.423570 1.500000
-105.806596 386.299369 1.500000
262.546949 150.336334 1.500000
-75.059572 303.667607 1.500000
-229.370227 153.889757 1.500000
-101.475146 386.935011 1.500000
-152.676976 39.542666 1.500000
32.407638 162.427659 1.500000
-183.837417 350.760848 1.500000
84.051596 127.594600 1.500000
220.644502 131.346636 1.500000
-45.678923 365.319032 1.500000
-149.211736 341.210135 1.500000
-26.135644 69.857534 1.500000
176.101722 240.319767 1.500000
68.767537 110.700828 1.500000
-184.761179 113.177011 1.500000
42.904063 256.455606 1.500000
4.097032 70.949284 1.500000
-67.493255 196.668501 1.500000
-182.479504 123.103601 1.500000
280.710759 349.831883 1.500000
-149.151458 237.037534 1.500000
-140.495185 104.351526 1.500000
-165.747866 375.389374 1.500000
65.701944 337.067890 1.500000
-8.562850 126.522012 1.500000
-104.992910 385.158624 1.500000
-17.233130 127.519225 1.500000
115.959685 134.224488 1.500000
-91.164399 166.204187 1.500000
245.467911 90.558310 1.500000
-75.704674 285.640134 1.500000
-135.701178 238.148489 1.500000
260.869464 361.757244 1.500000
191.499816 119.047953 1.500000
-61.500802 93.624507 1.500000
196.083175 166.783499 1.500000
27.371943 83.913372 1.500000
-62.531011 383.984942 1.500000
203.714611 292.542913 1.500000
162.508502 326.024523 1.500000
-89.551996 303.939785 1.500000
76.882446 115.443944 1.500000
-45.494336 85.283313 1.500000
-235.146935 185.125110 1.500000
263.934705 331.681722 1.500000
50.951738 153.373327 1.500000
74.136311 28.018757 1.500000
83.476498 277.370515 1.500000
50.146233 98.284875 1.500000
-86.487916 229.632408 1.500000
271.692567 35.628443 1.500000
85.881974 214.142554 1.500000
115.919618 174.191868 1.500000
-4.252741 358.942002 1.500000
-94.712579 296.169853 1.500000
-206.892362 40.732746 1.500000
-53.407259 323.878875 1.500000
-149.320654 326.077819 1.500000
108.976650 281.854517 1.500000
219.015313 384.507556 1.500000
-77.673578 330.394142 1.500000
-63.036048 108.559046 1.500000
112.835867 171.478700 1.500000
-161.202718 157.547639 1.500000
245.062526 211.861586 1.500000
-52.728099 385.539468 1.500000
-187.396784 261.564838 1.500000
-146.781640 139.918984 1.500000
252.679218 378.131543 1.500000
-111.256383 288.467171 1.500000
110.748410 127.779653 1.500000
-153.815231 375.030690 1.500000
-138.360587 153.665460 1.500000
223.729829 221.155149 1.500000
-162.984698 206.966092 1.500000
-230.839636 373.443977 1.500000
24.195516 126.362377 1.500000
219.213253 150.591084 1.500000
-65.876085 283.332898 1.500000
-170.352598 362.653921 1.500000
275.690930 68.341741 1.500000
113.439725 109.045163 1.500000
208.932012 384.310106 1.500000
159.582222 319.400769 1.500000
132.631501 156.246805 1.500000
-45.126508 160.399053 1.500000
-62.152441 199.639215 1.500000
138.571064 275.220617 1.500000
139.917531 238.880156 1.500000
255.164679 318.207272 1.500000
58.493058 49.471566 1.500000
-82.677475 332.281152 1.500000
13.997296 45.008670 1.500000
74.271019 360.608296 1.500000
-14.551296 41.842805 1.500000
176.242162 77.154736 1.500000
71.931231 94.407770 1.500000
-235.847071 116.086811 1.500000
59.565220 180.038171 1.500000
95.506020 274.571040 1.500000
244.876518 365.060104 1.500000
-24.536083 223.186052 1.500000
65.096550 222.084508 1.500000
8.301955 147.793960 1.500000
39.761818 333.859689 1.500000
-202.872877 61.182266 1.500000
234.841680 141.262339 1.500000
240.176739 58.361050 1.500000
45.110957 107.043204 1.500000
47.217074 247.633015 1.500000
-210.583828 76.122937 1.500000
77.546493 64.966855 1.500000
-12.932937 341.659222 1.500000
133.876997 74.495745 1.500000
-215.535628 254.886418 1.500000
135.049558 162.314034 1.500000
-92.198636 363.139703 1.500000
105.288575 291.500132 1.500000
92.539722 45.208745 1.500000
-121.914707 367.675299 1.500000
-7.018443 181.442551 1.500000
194.682292 131.507165 1.500000
79.197745 281.484538 1.500000
-204.529081 295.579108 1.500000
-3.257814 139.768016 1.500000
-76.708005 158.195222 1.500000
100.255045 84.312491 1.500000
82.210238 258.156551 1.500000
-240.337582 391.871007 1.500000
79.089203 185.466806 1.500000
147.334484 402.409249 1.500000
165.043202 96.273680 1.500000
-208.774264 327.040350 1.500000
-81.904981 378.481847 1.500000
-19.403066 287.285765 1.500000
-149.021930 68.001703 1.500000
-24.705982 152.257855 1.500000
-203.189501 57.443752 1.500000
-182.936027 253.276756 1.500000
115.136653 399.478708 1.500000
-108.573582 165.005900 1.500000
135.268252 80.226249 1.500000
-208.631970 128.996498 1.500000
55.517512 243.639205 1.500000
-34.150382 244.007747 1.500000
180.745856 109.697095 1.500000
174.122193 310.529882 1.500000
-43.737196 59.586011 1.500000
84.651915 263.334441 1.500000
-118.518134 184.833193 1.500000
59.667329 73.331018 1.500000
-195.034748 260.734414 1.500000
-12.585325 277.808302 1.500000
-144.076585 192.191292 1.500000
223.406318 327.544936 1.500000
-1.693586 213.226773 1.500000
71.599312 132.539016 1.500000
-51.471779 386.117869 1.500000
-89.293053 386.261045 1.500000
-133.894130 59.919291 1.500000
247.181271 384.274494 1.500000
176.829470 316.858664 1.500000
-166.893675 65.269040 1.500000
154.703797 219.421765 1.500000
-15.257209 36.468192 1.500000
-230.340199 246.821235 1.500000
37.989805 381.091577 1.500000
-168.775583 162.867593 1.500000
-129.065451 215.291770 1.500000
128.566615 112.780274 1.500000
-100.603447 230.214273 1.500000
229.741771 328.543710 1.500000
104.553200 108.280935 1.500000
196.136012 231.893645 1.500000
85.064910 157.325602 1.500000
214.694126 311.101903 1.500000
-50.869723 290.440897 1.500000
46.019316 291.444181 1.500000
32.932521 172.418254 1.500000
233.477385 254.708674 1.500000
-157.328648 267.576244 1.500000
60.823393 282.534307 1.500000
155.345516 246.245011 1.500000
-46.854904 354.510770 1.500000
217.415036 120.704708 1.500000
-44.337056 42.538372 1.500000
-147.936322 387.140624 1.500000
68.661519 49.520876 1.500000
-16.582034 362.282107 1.500000
-238.059673 259.451295 1.500000
-206.931798 372.152756 1.500000
-135.810736 233.302860 1.500000
165.540938 333.992323 1.500000
232.474715 297.271375 1.500000
42.446502 223.844644 1.500000
-186.156476 167.550860 1.500000
40.278271 29.248116 1.500000
210.851982 116.850063 1.500000
154.557125 380.477392 1.500000
-85.594494 129.395916 1.500000
-175.422209 310.021100 1.500000
238.213192 220.953086 1.500000
214.626990 147.836226 1.500000
-215.396723 403.114324 1.500000
193.667996 42.802993 1.500000
-186.736877 248.495401 1.500000
-205.246966 201.556689 1.500000
158.031640 51.989299 1.500000
42.928442 101.417561 1.500000
-26.724932 288.374168 1.500000
235.714083 62.755365 1.500000
197.384365 325.610379 1.500000
-208.460502 259.828356 1.500000
80.838280 65.082947 1.500000
166.943098 138.314577 1.500000
50.590722 78.145988 1.500000
277.687807 325.258432 1.500000
119.141839 220.984846 1.500000
-186.111392 28.876901 1.500000
-132.340959 231.021631 1.500000
193.613180 206.648520 1.500000
284.767932 272.167147 1.500000
-190.207774 35.988399 1.500000
-184.427868 37.725295 1.500000
162.009770 157.300181 1.500000
-208.730909 284.106765 1.500000
-204.202189 279.166183 1.500000
227.123089 132.643459 1.500000
185.476819 110.976717 1.500000
223.891458 285.261504 1.500000
98.171875 36.302468 1.500000
-68.945737 235.144672 1.500000
242.420831 187.550486 1.500000
-79.394279 115.923754 1.500000
-98.521146 222.562600 1.500000
225.767339 109.767245 1.500000
118.193427 239.419299 1.500000
231.401724 83.476833 1.500000
-157.073748 176.878845 1.500000
260.252115 222.751557 1.500000
79.677260 35.056881 1.500000
114.405041 257.797464 1.500000
237.772806 307.605936 1.500000
-42.182437 389.815217 1.500000
135.308948 105.600360 1.500000
98.798250 105.040716 1.500000
174.930297 145.923189 1.500000
234.777226 361.405286 1.500000
115.528652 182.335234 1.500000
-208.467510 137.936358 1.500000
-145.200173 306.837606 1.500000
261.622595 37.948507 1.500000
270.526000 233.220856 1.500000
264.199862 195.858467 1.500000
-219.517318 264.442147 1.500000
-41.565862 299.813097 1.500000
157.877498 158.071999 1.500000
159.765876 262.014228 1.500000
-201.634687 224.638011 1.500000
81.677979 77.761972 1.500000
-164.124875 360.177409 1.500000
17.003904 309.127534 1.500000
-115.424237 374.328431 1.500000
-208.671813 296.103395 1.500000
-192.298607 124.268598 1.500000
242.669133 186.700463 1.500000
157.562030 171.716767 1.500000
248.426373 37.939155 1.500000
2.489196 178.679680 1.500000
-22.793769 152.401135 1.500000
-49.132092 29.930010 1.500000
78.737712 343.510485 1.500000
-57.933170 78.238759 1.500000
150.315394 212.244218 1.500000
182.825726 322.920237 1.500000
221.696105 254.195975 1.500000
-114.767760 90.305548 1.500000
37.810529 257.018575 1.500000
-126.072625 313.111979 1.500000
-221.834340 346.420191 1.500000
128.714778 146.676374 1.500000
48.387396 38.794067 1.500000
138.589387 250.371380 1.500000
-192.111119 117.564304 1.500000
283.976918 322.306568 1.500000
282.754944 283.073258 1.500000
9.905284 318.692792 1.500000
217.008403 397.041015 1.500000
-113.142394 250.032851 1.500000
146.423925 368.117586 1.500000
219.250808 266.098328 1.500000
188.589932 93.243371 1.500000
188.186966 322.108257 1.500000
-2.181596 286.632328 1.500000
187.499881 396.790228 1.500000
121.942624 120.032292 1.500000
-173.863397 153.765468 1.500000
-180.061215 334.327736 1.500000
166.818585 51.778095 1.500000
88.758482 267.421106 1.500000
34.894126 221.457270 1.500000
235.807507 90.940644 1.500000
106.963690 94.876757 1.500000
-34.677365 330.745452 1.500000
-21.445290 26.435804 1.500000
78.702394 305.316956 1.500000
156.541549 296.972193 1.500000
56.470144 269.253216 1.500000
27.538566 177.020113 1.500000
143.400141 39.896163 1.500000
132.114625 330.783397 1.500000
194.883763 74.815970 1.500000
-205.097517 135.881112 1.500000
158.902352 381.372457 1.500000
28.111814 140.361020 1.500000
-204.421099 129.124477 1.500000
115.386254 394.839428 1.500000
132.684767 60.553007 1.500000
36.106863 84.661791 1.500000
181.346427 190.290874 1.500000
-77.917359 320.126482 1.500000
-137.251050 364.597558 1.500000
-53.228185 306.392918 1.500000
-24.090117 396.882387 1.500000
119.057375 34.524747 1.500000
204.042553 254.980526 1.500000
138.074769 73.688141 1.500000
-145.057243 368.573797 1.500000
-50.045726 374.783276 1.500000
-155.204022 141.673471 1.500000
121.072881 335.748379 1.500000
-113.950560 263.232268 1.500000
34.753242 62.770520 1.500000
181.353401 250.848259 1.500000
112.559331 390.530316 1.500000
-80.451587 144.878718 1.500000
-62.446976 27.840138 1.500000
102.477032 395.154234 1.500000
45.244092 181.281783 1.500000
-193.017802 188.912811 1.500000
224.392178 292.653321 1.500000
30.136477 251.834891 1.500000
3.803700 145.318392 1.500000
-133.307850 66.748950 1.500000
-47.116776 336.401137 1.500000
-67.500577 204.025113 1.500000
-97.483774 274.639167 1.500000
66.104887 348.666914 1.500000
5.613803 33.434556 1.500000
226.599814 350.502883 1.500000
255.599966 310.065889 1.500000
-121.970903 384.085886 1.500000
-183.341493 111.309358 1.500000
172.595776 152.408627 1.500000
283.049458 275.008479 1.500000
212.073302 376.046665 1.500000
-225.859508 398.384419 1.500000
-104.906680 184.346393 1.500000
-223.323108 235.782958 1.500000
190.817245 87.710700 1.500000
62.277998 284.494636 1.500000
30.716198 339.261650 1.500000
48.004858 326.270382 1.500000
-111.319394 155.143247 1.500000
79.945773 386.154686 1.500000
-224.680544 71.618791 1.500000
99.769146 217.187121 1.500000
147.820232 234.891174 1.500000
117.091220 228.239733 1.500000
-66.650576 312.945810 1.500000
193.707171 258.004749 1.500000
135.398765 59.608488 1.500000
-169.512486 94.902183 1.500000
-137.749838 226.910841 1.500000
94.385753 285.082369 1.500000
-86.715047 222.334190 1.500000
-171.932560 157.814400 1.500000
-158.484870 43.070597 1.500000
-153.907133 323.039661 1.500000
17.167604 218.342770 1.500000
83.591895 231.565467 1.500000
-143.863271 202.969663 1.500000
133.467694 123.440953 1.500000
-94.113774 135.106091 1.500000
-81.726907 50.185447 1.500000
-119.715012 292.102536 1.500000
173.500463 130.509976 1.500000
259.841350 137.553298 1.500000
22.692081 398.406948 1.500000
-219.210009 169.791825 1.500000
-103.725028 216.825185 1.500000
-161.623555 168.629818 1.500000
205.063747 132.027795 1.500000
-194.135464 31.555741 1.500000
268.609472 350.459652 1.500000
68.407127 202.194237 1.500000
40.261070 300.268225 1.500000
202.393954 388.469126 1.500000
-227.991193 26.530928 1.500000
171.152123 277.031232 1.500000
-181.959762 72.149550 1.500000
199.277362 204.537546 1.500000
41.800359 345.444140 1.500000
-206.322116 56.362713 1.500000
200.026360 398.566794 1.500000
-225.404406 247.989689 1.500000
-169.527329 174.770721 1.500000
179.158189 26.568918 1.500000
4.295893 245.314247 1.500000
226.472254 213.247194 1.500000
95.652134 110.788967 1.500000
85.322437 210.716356 1.500000
-84.034217 31.342691 1.500000
-174.956932 401.155747 1.500000
264.998368 156.218960 1.500000
-188.561581 211.827241 1.500000
35.747253 320.016150 1.500000
-90.982415 290.374864 1.500000
-105.613604 355.715314 1.500000
70.402916 382.823215 1.500000
181.505136 98.100692 1.500000
167.631426 171.145657 1.500000
217.770072 285.960537 1.500000
-81.762520 39.704507 1.500000
6.960676 298.878320 1.500000
-236.826646 27.128361 1.500000
152.668247 367.508921 1.500000
-79.486637 295.853765 1.500000
57.333906 238.242769 1.500000
-151.096460 189.088763 1.500000
192.362644 402.101505 1.500000
191.245016 307.206356 1.500000
221.583749 331.004615 1.500000
-217.955998 336.779029 1.500000
284.667477 32.969691 1.500000
-108.944477 41.730177 1.500000
-83.586437 101.097992 1.500000
-111.477582 270.689164 1.500000
-100.856843 265.119080 1.500000
50.173197 148.315768 1.500000
-110.405628 395.184796 1.500000
-23.311706 60.059537 1.500000
97.626489 316.983143 1.500000
200.952143 209.386257 1.500000
124.772515 185.034552 1.500000
72.180296 37.032209 1.500000
-160.892795 300.300958 1.500000
190.000387 319.439896 1.500000
-221.787350 148.514560 1.500000
-101.086989 214.634153 1.500000
-208.612118 254.097166 1.500000
112.614808 167.964092 1.500000
-45.732348 255.253718 1.500000
101.378382 184.884955 1.500000
-49.081719 356.769512 1.500000
0.802226 298.646511 1.500000
3.180607 66.677330 1.500000
-217.851396 331.507987 1.500000
-13.147191 159.097792 1.500000
97.887668 373.069100 1.500000
41.559395 252.560822 1.500000
-202.831867 29.978305 1.500000
109.355241 305.037488 1.500000
-79.445606 73.641065 1.500000
-235.943572 355.456205 1.500000
-158.246109 387.095737 1.500000
25.943867 284.338560 1.500000
-76.442152 222.418848 1.500000
121.884612 246.387580 1.500000
-116.666161 191.787918 1.500000
165.601372 61.034299 1.500000
-93.682648 375.429535 1.500000
87.615527 146.607564 1.500000
184.708659 146.781132 1.500000
-38.973741 106.767764 1.500000
-215.454694 399.547612 1.500000
40.421274 377.870870 1.500000
282.104904 161.784550 1.500000
270.647267 120.976781 1.500000
-125.904136 328.701183 1.500000
155.300084 177.707803 1.500000
-63.492201 390.070955 1.500000
-155.720345 362.069927 1.500000
113.633778 316.281310 1.500000
25.616770 57.379921 1.500000
48.177903 293.251670 1.500000
193.467662 397.998509 1.500000
-60.510892 167.423176 1.500000
107.746448 360.070575 1.500000
-45.318581 180.013708 1.500000
-212.900223 390.369278 1.500000
-39.723114 270.193556 1.500000
265.078169 64.312402 1.500000
12.424563 201.176828 1.500000
-183.729931 50.202050 1.500000
119.227905 175.647808 1.500000
267.226518 370.228061 1.500000
238.731275 114.699637 1.500000
61.020691 382.711375 1.500000
-43.554250 63.540524 1.500000
64.062026 273.460865 1.500000
190.489327 391.314068 1.500000
212.841021 272.606037 1.500000
187.532734 365.633690 1.500000
-6.107420 403.114324 1.500000
-179.515644 265.791814 1.500000
55.327512 320.711141 1.500000
-160.445462 33.529692 1.500000
-209.497717 189.044542 1.500000
21.897225 134.966717 1.500000
102.882132 336.940755 1.500000
216.157811 281.192804 1.500000
168.237459 256.137875 1.500000
214.841191 384.822036 1.500000
159.540669 60.025047 1.500000
128.120941 386.616874 1.500000
-233.234893 60.973442 1.500000
88.102956 159.805180 1.500000
-179.294728 263.475959 1.500000
-204.065261 156.399995 1.500000
-164.530916 286.239561 1.500000
192.596650 318.207618 1.500000
152.055036 336.485172 1.500000
263.652013 87.007513 1.500000
274.142522 93.858643 1.500000
238.182486 44.094154 1.500000
-168.041475 207.899988 1.500000
215.248336 82.601022 1.500000
197.053183 149.392747 1.500000
219.217387 337.519842 1.500000
-163.868836 384.236382 1.500000
-177.174028 333.642424 1.500000
244.917228 27.780418 1.500000
-152.362535 237.999394 1.500000
-49.059984 87.596104 1.500000
2.408016 170.860713 1.500000
-180.856385 190.081701 1.500000
-226.332653 386.149774 1.500000
286.412063 264.500428 1.500000
220.447090 122.888727 1.500000
236.022770 271.326694 1.500000
-88.776494 387.764346 1.500000
-125.858235 50.604586 1.500000
-20.557877 331.569578 1.500000
4.175655 104.924047 1.500000
-240.041319 85.716173 1.500000
165.717265 362.361206 1.500000
285.511579 26.435804 1.500000
37.946604 314.306414 1.500000
-31.363887 65.679718 1.500000
-34.597223 261.599428 1.500000
-190.838856 258.327529 1.500000
-99.131254 349.258035 1.500000
24.759240 338.441374 1.500000
-12.171688 289.013466 1.500000
47.575131 168.245001 1.500000
207.401296 87.746872 1.500000
-122.940728 266.147042 1.500000
-223.267452 209.466754 1.500000
-221.282034 51.719809 1.500000
-167.251160 382.847424 1.500000
64.327414 146.509058 1.500000
183.340857 28.058168 1.500000
234.000582 369.494024 1.500000
92.070233 238.586888 1.500000
-30.098181 298.013275 1.500000
-157.327042 85.309062 1.500000
-27.565927 176.225981 1.500000
-65.022583 267.018220 1.500000
220.402995 124.007073 1.500000
16.799567 289.016546 1.500000
-114.991746 113.125785 1.500000
-88.371399 104.459493 1.500000
-171.015452 30.246298 1.500000
241.871849 134.678827 1.500000
-212.403952 115.746240 1.500000
-232.112970 313.788153 1.500000
-143.328798 244.520404 1.500000
184.241508 99.816722 1.500000
38.724306 236.367303 1.500000
95.136119 112.348581 1.500000
-51.814873 186.143038 1.500000
-198.729662 360.708320 1.500000
213.242194 294.995427 1.500000
-132.601281 273.958608 1.500000
-221.505727 134.578055 1.500000
61.743927 80.931668 1.500000
-193.937811 306.092275 1.500000
-191.195815 235.104184 1.500000
182.482087 267.180377 1.500000
22.609744 393.584370 1.500000
-110.664559 156.270419 1.500000
-56.791610 328.624923 1.500000
144.391091 232.798282 1.500000
-203.112529 116.180753 1.500000
-176.808119 46.116916 1.500000
86.528419 261.695212 1.500000
80.402878 141.112449 1.500000
269.432894 291.228557 1.500000
-45.039234 290.957182 1.500000
-204.674465 202.811018 1.500000
45.304449 230.213835 1.500000
98.017183 260.843185 1.500000
-168.827514 200.521547 1.500000
50.428764 354.832871 1.500000
-139.686657 56.805217 1.500000
200.449390 391.517399 1.500000
199.827877 39.501361 1.500000
-9.956139 102.322610 1.500000
269.193462 289.480796 1.500000
281.482364 55.163515 1.500000
-172.746929 125.119274 1.500000
-46.550814 86.726836 1.500000
72.908518 296.961861 1.500000
-196.691028 238.279646 1.500000
-42.343746 60.186514 1.500000
-107.401291 203.111877 1.500000
257.635740 107.771216 1.500000
-23.279071 395.830716 1.500000
159.188903 67.363286 1.500000
-38.140288 251.305339 1.500000
-169.676009 212.004682 1.500000
209.680785 248.234945 1.500000
-239.874863 388.571676 1.500000
-208.326520 157.636850 1.500000
-45.594547 304.763697 1.500000
123.035531 194.214406 1.500000
-60.501513 280.441956 1.500000
-207.278545 166.584180 1.500000
-73.162533 107.601797 1.500000
-106.333612 56.338982 1.500000
-236.663506 69.386185 1.500000
41.048490 389.198248 1.500000
-177.203309 323.976145 1.500000
-88.749841 119.342575 1.500000
98.086312 225.503518 1.500000
140.876698 293.899201 1.500000
-102.807237 156.728493 1.500000
-63.946932 195.200828 1.500000
-116.129277 297.747479 1.500000
265.138953 114.234118 1.500000
-141.411642 226.338485 1.500000
-149.562901 109.797655 1.500000
-8.839226 28.958997 1.500000
-140.728663 288.914155 1.500000
-157.487020 293.349134 1.500000
-187.613056 398.660825 1.500000
99.296450 93.943583 1.500000
77.436383 306.789584 1.500000
103.268001 385.547789 1.500000
169.183554 273.588455 1.500000
-67.771847 387.850404 1.500000
244.949118 401.698358 1.500000
140.080124 328.003033 1.500000
180.571736 403.114324 1.500000
143.527123 263.299781 1.500000
-52.360323 214.852789 1.500000
-84.581008 371.982691 1.500000
-21.612133 338.763815 1.500000
-184.535557 63.566647 1.500000
-4.457855 136.681316 1.500000
-215.025776 125.151755 1.500000
-239.145196 348.756948 1.500000
250.676188 114.847589 1.500000
124.556994 143.787107 1.500000
53.775038 222.131164 1.500000
-58.258885 54.063445 1.500000
59.395493 387.880435 1.500000
229.833791 212.140324 1.500000
95.367908 97.028091 1.500000
76.007591 131.641339 1.500000
5.865602 327.022987 1.500000
-56.157762 266.007414 1.500000
130.281499 199.000746 1.500000
276.553733 154.537544 1.500000
-11.567794 370.021154 1.500000
-32.878314 313.354830 1.500000
-16.809263 298.135851 1.500000
-13.617025 194.110881 1.500000
284.241460 396.869865 1.500000
133.846388 295.260314 1.500000
-52.346103 179.301271 1.500000
-43.804422 390.533587 1.500000
-9.235480 367.173364 1.500000
-219.566800 308.839213 1.500000
33.256233 312.512902 1.500000
185.170755 185.914265 1.500000
105.590472 215.927093 1.500000
-138.082442 92.841835 1.500000
136.820343 248.847169 1.500000
144.308716 162.523097 1.500000
-104.674006 158.311937 1.500000
85.349577 378.718656 1.500000
75.654479 85.567538 1.500000
204.619537 337.510633 1.500000
-168.934134 134.769449 1.500000
-138.759210 45.563088 1.500000
14.752677 42.586647 1.500000
-215.320727 185.001414 1.500000
-22.863551 195.584166 1.500000
168.889815 149.041699 1.500000
-165.876935 274.312703 1.500000
-2.090163 212.544161 1.500000
281.848963 55.172833 1.500000
28.945662 157.171532 1.500000
26.551732 59.788317 1.500000
49.102056 52.895956 1.500000
-140.499036 102.615562 1.500000
-164.664272 290.788609 1.500000
125.229102 288.133193 1.500000
-27.716893 346.151186 1.500000
-82.523682 310.670647 1.500000
-221.394738 224.514675 1.500000
206.464881 142.234005 1.500000
-224.516112 29.923207 1.500000
152.917800 272.305973 1.500000
-41.525559 135.509798 1.500000
76.873736 117.991311 1.500000
-105.192075 391.689412 1.500000
-159.551286 90.074024 1.500000
38.457312 32.242080 1.500000
121.628281 384.270554 1.500000
-136.627483 136.703737 1.500000
-6.797859 174.857273 1.500000
-2.277752 52.543938 1.500000
-122.435326 175.019728 1.500000
58.548233 394.656528 1.500000
-163.195445 287.931832 1.500000
32.019371 199.260918 1.500000
-183.917757 140.577375 1.500000
14.099175 165.102546 1.500000
-71.070346 254.814447 1.500000
-5.340825 121.252222 1.500000
-11.963635 84.403390 1.500000
239.809860 288.824300 1.500000
17.983917 350.969624 1.500000
194.254677 366.093053 1.500000
-116.898230 342.518058 1.500000
-53.439102 231.473662 1.500000
-196.614089 323.262238 1.500000
-21.494857 375.779028 1.500000
111.427228 36.015348 1.500000
208.382179 180.697437 1.500000
63.586688 101.165719 1.500000
92.989652 403.114324 1.500000
-147.000499 377.987190 1.500000
-220.331091 334.849751 1.500000
177.933444 140.114617 1.500000
-148.528137 387.350114 1.500000
-186.796584 39.607022 1.500000
253.635286 95.195355 1.500000
270.562911 255.024975 1.500000
86.220316 322.133621 1.500000
-40.953925 361.344483 1.500000
193.476576 143.895822 1.500000
-129.445995 175.845511 1.500000
-12.339745 197.258711 1.500000
-51.110079 41.626285 1.500000
237.483016 350.543501 1.500000
250.032256 150.289253 1.500000
102.973764 102.258693 1.500000
-185.429379 184.447130 1.500000
9.750338 291.558364 1.500000
-109.078535 349.376614 1.500000
227.913178 107.676606 1.500000
-168.822987 93.769711 1.500000
-210.341788 373.044877 1.500000
132.722980 236.877476 1.500000
-1.149527 160.113875 1.500000
199.166801 103.689650 1.500000
-198.142382 395.334178 1.500000
184.141880 292.912521 1.500000
-218.968474 110.364674 1.500000
-228.052909 64.458585 1.500000
-1.332771 101.473758 1.500000
-123.542902 126.941155 1.500000
75.192249 65.211594 1.500000
-223.617371 109.834439 1.500000
-219.943007 69.517561 1.500000
141.336267 167.669799 1.500000
-132.045779 210.425561 1.500000
105.379304 195.703308 1.500000
154.661498 340.483957 1.500000
-205.763025 123.741237 1.500000
163.690897 365.425136 1.500000
-100.136749 367.034833 1.500000
-28.979414 388.982652 1.500000
-190.046751 96.425827 1.500000
198.762122 118.983294 1.500000
59.432363 260.785024 1.500000
22.129029 73.315374 1.500000
268.546144 58.937700 1.500000
-65.097522 55.982456 1.500000
228.647316 254.585903 1.500000
140.617023 327.193951 1.500000
249.083704 118.914827 1.500000
239.691009 379.437141 1.500000
280.481493 324.840290 1.500000
-169.854232 59.783328 1.500000
179.200670 175.509952 1.500000
179.264543 50.644617 1.500000
100.534976 367.205865 1.500000
-93.159505 309.309374 1.500000
265.912198 288.759718 1.500000
-133.932820 289.362676 1.500000
21.612609 135.422200 1.500000
33.620814 380.447759 1.500000
-149.817158 375.334201 1.500000
146.524982 306.704672 1.500000
-201.704951 203.218970 1.500000
126.215950 46.039771 1.500000
209.535183 43.520060 1.500000
-56.941369 79.124078 1.500000
136.133847 250.919587 1.500000
-152.794426 327.656921 1.500000
201.150228 383.255208 1.500000
261.546063 93.230199 1.500000
-154.035992 129.672244 1.500000
120.385854 50.246168 1.500000
25.763071 402.120807 1.500000
38.284310 327.087545 1.500000
134.961304 207.439871 1.500000
20.680040 244.104822 1.500000
76.371114 238.935749 1.500000
-118.613924 122.846815 1.500000
-46.116810 99.658477 1.500000
219.696472 133.425224 1.500000
-183.505972 120.915363 1.500000
74.007999 242.431968 1.500000
-140.349638 146.618019 1.500000
206.169649 304.759350 1.500000
67.685141 242.892685 1.500000
-26.221548 225.140787 1.500000
-108.131163 382.518204 1.500000
-9.298464 145.654461 1.500000
260.716052 262.312952 1.500000
27.441290 29.294700 1.500000
10.218003 308.424203 1.500000
150.065964 217.036587 1.500000
-42.820500 107.344297 1.500000
-17.831041 27.885204 1.500000
-62.390342 294.432688 1.500000
-156.633068 269.709775 1.500000
137.302648 278.024403 1.500000
213.000254 189.939020 1.500000
238.628899 267.124894 1.500000
222.298782 242.322641 1.500000
-0.832477 114.275633 1.500000
-91.154317 218.617752 1.500000
93.107157 218.034005 1.500000
262.338476 332.331851 1.500000
141.311678 186.256187 1.500000
21.246867 187.646147 1.500000
119.834075 392.934573 1.500000
163.222179 364.947458 1.500000
246.083420 114.998242 1.500000
165.012564 363.734136 1.500000
-10.414437 77.201121 1.500000
-98.161764 344.550217 1.500000
20.754698 99.867030 1.500000
-69.517434 187.150187 1.500000
258.934517 392.646509 1.500000
24.758099 64.698144 1.500000
10.970047 343.020764 1.500000
-55.014638 212.075629 1.500000
100.183004 72.967725 1.500000
36.788704 382.292285 1.500000
-170.733141 236.424901 1.500000
213.111280 356.925796 1.500000
-49.397315 353.754651 1.500000
-12.130627 29.698858 1.500000
-133.122294 124.137384 1.500000
55.251400 152.038807 1.500000
129.015666 222.205307 1.500000
222.227591 54.546134 1.500000
-209.781094 173.295961 1.500000
271.149377 328.799366 1.500000
128.659684 93.653036 1.500000
-93.964813 294.962779 1.500000
-135.091105 197.838448 1.500000
-86.576544 50.714593 1.500000
222.813789 96.589042 1.500000
-89.905129 80.768805 1.500000
-2.120230 259.462434 1.500000
132.319377 61.772716 1.500000
217.080915 337.282179 1.500000
106.515743 334.572473 1.500000
160.209668 56.543175 1.500000
-148.823119 362.280027 1.500000
226.365543 391.025269 1.500000
-95.307040 35.465816 1.500000
-169.693560 387.807284 1.500000
272.256469 130.187883 1.500000
-133.800751 278.337191 1.500000
-171.155109 97.277521 1.500000
86.976107 333.436167 1.500000
-73.050530 342.199921 1.500000
-174.081538 394.791768 1.500000
76.780833 395.944969 1.500000
158.549337 61.607144 1.500000
178.183120 274.149010 1.500000
-162.360947 134.223205 1.500000
55.097145 72.738636 1.500000
193.360052 82.585859 1.500000
-151.025457 382.004390 1.500000
-125.229310 280.645144 1.500000
-238.940086 45.135709 1.500000
34.956290 399.894541 1.500000
-136.326317 330.082220 1.500000
140.442278 141.447785 1.500000
261.286913 207.146858 1.500000
-127.917804 304.324715 1.500000
100.870833 285.762969 1.500000
-133.155913 198.843458 1.500000
-232.377322 217.704125 1.500000
158.595590 41.296469 1.500000
-11.690275 217.169155 1.500000
258.453596 151.009106 1.500000
45.204376 130.387459 1.500000
-161.249158 125.853765 1.500000
-3.875487 268.065493 1.500000
-136.101293 190.781010 1.500000
225.932530 189.277341 1.500000
121.911061 84.953080 1.500000
-61.621652 388.167549 1.500000
40.840672 103.164795 1.500000
116.285194 178.036136 1.500000
176.450313 101.813713 1.500000
-203.049407 289.759153 1.500000
-227.027047 187.438604 1.500000
-179.239313 186.377526 1.500000
-32.427094 352.721810 1.500000
5.699663 317.153731 1.500000
-164.599145 230.925307 1.500000
-20.647045 202.615612 1.500000
-5.022196 391.741377 1.500000
-182.253740 381.707756 1.500000
249.324499 286.769027 1.500000
74.060454 310.377018 1.500000
-40.524514 367.572050 1.500000
25.879865 389.675431 1.500000
-74.660954 56.867736 1.500000
213.590538 398.239412 1.500000
61.018453 290.867122 1.500000
21.822303 247.779223 1.500000
235.039248 179.299498 1.500000
204.312180 150.124566 1.500000
188.010484 329.940333 1.500000
-122.339682 270.786451 1.500000
-153.285080 102.017578 1.500000
126.380236 250.869149 1.500000
3.400034 81.119458 1.500000
119.479671 214.320018 1.500000
168.531501 245.517656 1.500000
-78.844846 266.368890 1.500000
-87.629178 83.955455 1.500000
12.666627 58.099286 1.500000
-92.249127 124.085700 1.500000
109.254412 251.175484 1.500000
156.972969 377.643533 1.500000
6.140760 319.138341 1.500000
142.390176 307.254206 1.500000
26.614378 153.372474 1.500000
134.077503 70.969104 1.500000
-119.969047 365.670347 1.500000
144.891035 213.907428 1.500000
143.470997 66.405593 1.500000
-102.984785 229.466948 1.500000
49.270489 279.734707 1.500000
212.072936 147.286882 1.500000
-105.025793 29.523119 1.500000
146.368399 264.766453 1.500000
258.949640 43.969573 1.500000
213.187905 188.452144 1.500000
-31.927080 335.894588 1.500000
80.433415 403.114324 1.500000
281.867025 169.940865 1.500000
60.364120 34.963790 1.500000
-178.652225 214.077532 1.500000
-213.934011 134.412206 1.500000
174.730473 362.200618 1.500000
-19.406126 294.694170 1.500000
-109.860097 180.195879 1.500000
-57.366433 312.188475 1.500000
159.367162 160.057861 1.500000
2.596148 221.658931 1.500000
219.070869 374.213057 1.500000
143.249091 107.579875 1.500000
271.402872 138.772702 1.500000
231.068585 360.667696 1.500000
-109.648873 198.433763 1.500000
109.972364 146.178205 1.500000
-233.743844 36.867772 1.500000
276.971855 183.133779 1.500000
-107.334294 215.075821 1.500000
110.193416 180.207627 1.500000
209.142573 133.635671 1.500000
-151.935095 158.507693 1.500000
209.921173 268.053352 1.500000
-231.299086 361.637654 1.500000
-10.021632 270.961896 1.500000
5.786557 269.928141 1.500000
-40.922055 331.644664 1.500000
72.804300 84.000551 1.500000
238.461877 140.504132 1.500000
-64.214184 42.509585 1.500000
59.026345 159.345076 1.500000
223.035267 399.859664 1.500000
166.526046 152.558876 1.500000
-219.493918 350.130457 1.500000
256.370931 58.791300 1.500000
-218.327532 198.860542 1.500000
71.128970 157.604249 1.500000
62.911739 101.668788 1.500000
176.699127 170.295860 1.500000
-157.374086 267.155161 1.500000
-145.473541 209.179915 1.500000
153.378322 347.648279 1.500000
-164.999704 369.769073 1.500000
12.037227 211.985074 1.500000
149.768909 396.053292 1.500000
105.365987 49.609605 1.500000
-129.222340 127.203327 1.500000
-77.781127 182.505855 1.500000
273.983000 248.209037 1.500000
-5.854363 231.311775 1.500000
-216.830236 239.385406 1.500000
-127.990021 365.225005 1.500000
-60.347205 131.071814 1.500000
286.412063 332.805300 1.500000
-77.659273 233.618088 1.500000
-226.028557 214.033892 1.500000
21.763977 142.361850 1.500000
-198.265853 137.798930 1.500000
-95.665354 171.559998 1.500000
281.752163 316.034723 1.500000
130.928825 202.597856 1.500000
-212.921183 85.477181 1.500000
-5.593055 311.680465 1.500000
-149.950176 272.666524 1.500000
-176.024858 389.325685 1.500000
66.789308 224.830421 1.500000
31.555491 274.515490 1.500000
149.537752 203.625707 1.500000
222.921779 287.528105 1.500000
-105.048204 196.553893 1.500000
243.309291 73.856841 1.500000
35.214125 397.604504 1.500000
-106.039040 301.765005 1.500000
206.887642 254.286783 1.500000
-221.766652 209.004556 1.500000
57.384776 289.374791 1.500000
139.135192 71.824287 1.500000
-94.825394 150.190847 1.500000
215.277538 71.638985 1.500000
-114.915249 72.825145 1.500000
196.278379 29.930243 1.500000
-200.768552 313.126816 1.500000
-147.489473 108.039345 1.500000
-45.118206 344.457321 1.500000
210.259005 365.068783 1.500000
-164.905980 92.333127 1.500000
226.308459 295.556276 1.500000
-122.659697 196.867850 1.500000
-1.675033 370.861461 1.500000
-52.476267 207.533040 1.500000
-178.652518 167.980499 1.500000
254.774579 133.499152 1.500000
-9.593911 368.412199 1.500000
122.365676 109.566446 1.500000
61.747555 337.875665 1.500000
26.733236 102.601105 1.500000
85.653311 270.504970 1.500000
234.519209 194.478624 1.500000
129.015852 68.962441 1.500000
43.025752 75.868681 1.500000
103.426673 130.356720 1.500000
78.220250 313.674883 1.500000
-9.732733 304.013358 1.500000
84.868073 106.036225 1.500000
-13.446515 201.303246 1.500000
164.214737 59.951931 1.500000
269.036649 298.203529 1.500000
266.028572 321.732517 1.500000
188.309054 365.417396 1.500000
72.824672 365.884645 1.500000
152.233945 154.832447 1.500000
-144.622012 119.544266 1.500000
10.435592 364.691280 1.500000
-105.809760 84.537334 1.500000
-240.337582 49.086172 1.500000
272.388456 146.255893 1.500000
217.299931 310.426260 1.500000
28.800538 285.754944 1.500000
-104.410606 400.956497 1.500000
123.951153 159.728191 1.500000
-12.318913 122.582953 1.500000
182.677367 167.979489 1.500000
286.412063 322.037523 1.500000
-59.135041 110.333524 1.500000
-110.091182 388.369439 1.500000
-92.000488 219.756228 1.500000
-190.618117 323.405554 1.500000
-32.666734 338.409443 1.500000
-231.411444 207.857384 1.500000
-178.645128 305.133900 1.500000
-102.053155 164.967647 1.500000
-151.026669 329.705200 1.500000
148.270524 342.722627 1.500000
-186.643843 232.539692 1.500000
215.919147 110.320060 1.500000
-125.537640 392.856679 1.500000
-182.239808 384.256626 1.500000
-234.829858 256.360437 1.500000
137.082301 392.008207 1.500000
-108.249767 217.645694 1.500000
26.595997 171.895706 1.500000
-178.105695 200.558086 1.500000
277.065321 46.143801 1.500000
-182.221699 231.903775 1.500000
-23.807638 278.385975 1.500000
215.502964 71.366605 1.500000
-108.796836 121.773276 1.500000
-101.462726 301.647522 1.500000
185.387445 320.460461 1.500000
-94.316436 395.951736 1.500000
-240.337582 123.457475 1.500000
-17.502359 349.096411 1.500000
-232.539624 91.306116 1.500000
243.678640 72.633131 1.500000
96.419336 306.751366 1.500000
71.466028 194.007924 1.500000
-136.413349 327.484069 1.500000
118.202284 131.868618 1.500000
118.637493 107.168186 1.500000
-206.867219 231.470151 1.500000
225.856568 76.643713 1.500000
66.959516 135.008341 1.500000
177.669316 94.358084 1.500000
-102.624133 144.625359 1.500000
-176.711012 309.307654 1.500000
128.296277 71.037986 1.500000
176.638669 264.463099 1.500000
-42.427660 245.739003 1.500000
-231.500608 232.293417 1.500000
190.187171 205.766942 1.500000
-138.500291 274.010813 1.500000
-67.776146 347.055204 1.500000
89.580032 93.800607 1.500000
-188.071462 336.402284 1.500000
-203.353904 43.432797 1.500000
-233.937851 210.041921 1.500000
247.159324 215.647675 1.500000
-80.625524 98.817458 1.500000
105.209731 61.744908 1.500000
276.956430 58.848466 1.500000
116.192478 44.508843 1.500000
37.520176 243.490675 1.500000
32.637079 86.036602 1.500000
-43.427576 335.096149 1.500000
76.134918 360.325353 1.500000
260.965779 142.061742 1.500000
175.906551 86.178830 1.500000
-18.522297 181.509640 1.500000
-63.663469 357.015604 1.500000
226.519505 173.571074 1.500000
-170.593281 68.628531 1.500000
201.023016 398.048731 1.500000
-106.716464 214.336642 1.500000
132.271445 154.941786 1.500000
184.574726 367.621402 1.500000
10.150448 382.347189 1.500000
-140.816050 217.330083 1.500000
200.756840 142.801507 1.500000
-43.192324 203.321796 1.500000
-72.780416 110.916072 1.500000
35.373313 208.591994 1.500000
-11.051270 115.171572 1.500000
120.514699 257.383276 1.500000
-167.951048 315.219928 1.500000
-9.813496 396.283187 1.500000
232.644092 340.866135 1.500000
-218.028883 60.934922 1.500000
-4.734601 103.676599 1.500000
110.163889 226.399897 1.500000
228.755336 120.618725 1.500000
72.546779 30.794732 1.500000
199.096868 309.720466 1.500000
-117.776866 162.437659 1.500000
-51.781548 54.005341 1.500000
254.299656 221.752085 1.500000
222.772045 392.573438 1.500000
55.827154 283.106335 1.500000
14.204332 82.945095 1.500000
-8.823967 219.827840 1.500000
-206.111264 366.223507 1.500000
228.957144 44.100617 1.500000
185.195372 268.393788 1.500000
1.400735 297.656583 1.500000
-90.414516 292.084997 1.500000
-60.758320 86.675300 1.500000
-178.634851 366.905109 1.500000
145.001181 150.379087 1.500000
50.882156 50.254547 1.500000
-113.545270 61.928153 1.500000
83.291231 198.230969 1.500000
276.719600 38.578179 1.500000
-174.703466 317.946698 1.500000
3.789483 347.812873 1.500000
24.439352 33.531248 1.500000
-154.918098 333.794749 1.500000
41.234430 396.387401 1.500000
74.761021 33.746430 1.500000
-161.590147 298.419540 1.500000
-160.571827 403.114324 1.500000
211.971781 328.522245 1.500000
-71.283757 219.142077 1.500000
97.267142 369.653790 1.500000
88.750239 294.082966 1.500000
202.611982 130.120096 1.500000
152.230668 107.628948 1.500000
204.731904 220.416934 1.500000
88.485716 166.989540 1.500000
-3.357867 150.023356 1.500000
-33.357099 92.992965 1.500000
-41.308909 342.483579 1.500000
-20.973398 293.121066 1.500000
-172.582955 155.420567 1.500000
-18.235103 121.156904 1.500000
-38.603868 79.814554 1.500000
-219.539230 65.949117 1.500000
-93.863781 261.979475 1.500000
161.358931 66.483377 1.500000
65.203596 389.903194 1.500000
183.059980 131.331912 1.500000
43.643846 35.479058 1.500000
209.692836 352.983877 1.500000
180.649105 165.193215 1.500000
-189.300351 155.996236 1.500000
269.889403 72.357355 1.500000
-234.786400 277.231189 1.500000
74.100717 163.631428 1.500000
179.338425 341.096578 1.500000
-69.969933 260.119325 1.500000
75.754094 358.853274 1.500000
-48.926309 260.634081 1.500000
-209.763395 319.070538 1.500000
-237.641246 291.080533 1.500000
-192.578012 204.574063 1.500000
-188.077944 284.069226 1.500000
84.828847 281.466893 1.500000
40.255095 26.435804 1.500000
-3.794391 291.368493 1.500000
123.570875 122.513600 1.500000
-238.054950 228.603507 1.500000
-97.269576 68.552562 1.500000
170.946707 33.911417 1.500000
243.705419 26.435804 1.500000
-14.803308 87.858687 1.500000
-200.680104 36.268165 1.500000
180.824908 75.823878 1.500000
221.070464 236.345574 1.500000
-21.925545 176.091311 1.500000
-110.281281 390.728160 1.500000
-221.019384 325.601734 1.500000
71.412841 84.133973 1.500000
235.299216 186.625518 1.500000
120.865972 190.563734 1.500000
-72.607057 163.975177 1.500000
96.383422 215.461988 1.500000
194.239732 280.911487 1.500000
11.473182 265.489729 1.500000
195.538450 161.614771 1.500000
-36.213811 291.123128 1.500000
-58.081274 134.630147 1.500000
64.495047 344.559209 1.500000
9.102301 394.418022 1.500000
268.629853 130.417744 1.500000
35.527143 321.245904 1.500000
-38.579947 331.913522 1.500000
-32.521324 214.780240 1.500000
47.267688 55.137205 1.500000
-52.668989 313.604901 1.500000
138.263817 182.386909 1.500000
-36.648371 107.700586 1.500000
-34.692672 257.129473 1.500000
81.702631 190.647798 1.500000
-206.284112 64.013008 1.500000
103.800907 393.730776 1.500000
25.811254 118.897830 1.500000
2.869215 220.429252 1.500000
136.506573 273.506064 1.500000
161.853030 68.095970 1.500000
206.801403 299.883195 1.500000
-43.492256 270.138686 1.500000
-66.968383 210.048934 1.500000
136.687102 226.069420 1.500000
62.652861 387.991058 1.500000
90.643487 373.717340 1.500000
49.148155 75.614359 1.500000
165.848337 165.959881 1.500000
-136.198505 220.142792 1.500000
54.126670 371.846949 1.500000
-161.355288 331.123072 1.500000
-26.637871 173.360001 1.500000
110.121803 358.767605 1.500000
21.619978 170.433879 1.500000
-42.340176 125.789278 1.500000
222.107756 254.771026 1.500000
166.579060 161.793410 1.500000
38.592991 260.508647 1.500000
260.807120 174.994031 1.500000
-19.457349 326.139368 1.500000
180.043409 383.498928 1.500000
-152.173674 131.799754 1.500000
-89.215365 221.458981 1.500000
-64.237024 292.465151 1.500000
-181.277014 88.551039 1.500000
25.703467 327.404453 1.500000
-138.120634 241.576691 1.500000
90.264645 85.474813 1.500000
-136.924408 349.639586 1.500000
-173.009996 190.601137 1.500000
273.173308 91.025953 1.500000
106.501353 95.483275 1.500000
252.713021 328.681436 1.500000
17.164360 374.260997 1.500000
-215.905852 166.496352 1.500000
60.584889 54.298885 1.500000
50.203226 63.046687 1.500000
-233.568955 275.060144 1.500000
211.721978 166.263745 1.500000
90.011294 189.963294 1.500000
147.860250 154.510063 1.500000
18.151313 196.775182 1.500000
85.977252 270.496631 1.500000
-100.910529 230.972723 1.500000
274.728373 86.428134 1.500000
-24.401408 217.714862 1.500000
-153.794713 201.763894 1.500000
-211.495013 234.828483 1.500000
97.332427 71.052546 1.500000
273.555922 83.006013 1.500000
226.392196 228.067552 1.500000
132.424540 131.134349 1.500000
282.091226 261.707453 1.500000
143.303960 163.178494 1.500000
-64.194290 109.654537 1.500000
80.208207 275.446410 1.500000
-196.309455 174.861091 1.500000
-123.659770 85.258102 1.500000
-19.776367 331.178847 1.500000
-132.988978 188.209099 1.500000
259.348542 375.771103 1.500000
282.938018 100.096502 1.500000
-43.953851 355.078726 1.500000
131.973133 328.347486 1.500000
-29.952751 64.987037 1.500000
-165.966492 224.978263 1.500000
-60.353382 270.822214 1.500000
-114.203519 215.901138 1.500000
-65.925564 173.678732 1.500000
-124.620062 376.913524 1.500000
-178.197303 292.276464 1.500000
-125.568266 385.512130 1.500000
230.412863 347.272545 1.500000
-191.967751 332.806424 1.500000
-71.952090 300.026623 1.500000
34.630582 269.725257 1.500000
-56.908389 360.053324 1.500000
39.765505 258.122661 1.500000
-216.144437 55.040980 1.500000
98.171393 251.484156 1.500000
54.424427 65.843442 1.500000
118.358982 384.758686 1.500000
60.092482 267.893554 1.500000
-8.834148 236.878509 1.500000
-58.686468 97.880002 1.500000
-120.111486 224.164556 1.500000
21.239352 151.006830 1.500000
-223.473717 278.308290 1.500000
-67.267953 249.216594 1.500000
114.453405 215.772991 1.500000
-181.004057 120.366290 1.500000
-206.059907 226.529730 1.500000
101.772670 197.420331 1.500000
-28.619613 348.683802 1.500000
183.910822 365.052980 1.500000
256.996281 313.064045 1.500000
265.913552 146.929930 1.500000
-16.798538 41.194902 1.500000
-106.174900 372.257906 1.500000
80.809428 396.879702 1.500000
91.588231 75.913414 1.500000
87.635983 283.586560 1.500000
-79.873435 187.939548 1.500000
-204.719887 87.033215 1.500000
-132.453758 401.027656 1.500000
-156.940035 376.162797 1.500000
-169.971065 395.590612 1.500000
246.823435 80.755345 1.500000
-231.727887 213.575623 1.500000
76.789102 363.769530 1.500000
260.320654 286.989129 1.500000
-50.369390 191.403517 1.500000
35.760208 223.405899 1.500000
123.451389 40.865618 1.500000
-68.497161 259.816683 1.500000
12.581092 349.656354 1.500000
192.562599 26.435804 1.500000
153.475439 89.407096 1.500000
188.440163 221.379691 1.500000
277.055596 238.474810 1.500000
-45.018172 158.714905 1.500000
154.708934 37.375073 1.500000
81.056983 306.086241 1.500000
118.815471 116.334289 1.500000
150.613290 272.419271 1.500000
152.599821 236.029192 1.500000
222.641431 188.569954 1.500000
-59.046958 249.645904 1.500000
101.561132 289.090325 1.500000
-101.397944 245.029046 1.500000
70.824307 236.234201 1.500000
157.493878 194.826078 1.500000
176.548158 187.674301 1.500000
-19.813023 212.484430 1.500000
22.764757 196.172521 1.500000
-61.331061 198.086355 1.500000
-149.762306 104.625781 1.500000
-103.148926 298.686084 1.500000
233.522704 76.860366 1.500000
-79.060303 367.927181 1.500000
274.417706 262.745414 1.500000
-113.224788 48.542904 1.500000
141.115671 275.108372 1.500000
64.022112 163.163270 1.500000
127.202686 375.970800 1.500000
100.816063 377.520112 1.500000
129.411336 345.368444 1.500000
232.990689 240.355086 1.500000
57.901857 376.190082 1.500000
-202.551034 268.327357 1.500000
-96.123459 360.441726 1.500000
133.111273 86.283961 1.500000
18.943930 367.466711 1.500000
49.244938 272.448298 1.500000
75.048861 142.358387 1.500000
-37.469856 399.409298 1.500000
175.133030 286.290411 1.500000
138.021750 369.443719 1.500000
145.597359 27.562886 1.500000
132.681335 228.293996 1.500000
229.815185 301.313412 1.500000
69.700825 28.447621 1.500000
269.986087 314.493725 1.500000
-174.606509 269.632927 1.500000
92.644332 133.075874 1.500000
140.222463 284.808108 1.500000
9.767053 73.487489 1.500000
-94.673509 338.618387 1.500000
51.274578 348.908328 1.500000
-48.114956 208.064700 1.500000
237.104357 219.649104 1.500000
-53.628990 182.401573 1.500000
-146.564241 153.628464 1.500000
60.831594 353.403159 1.500000
-30.622891 142.331394 1.500000
-186.257357 172.188481 1.500000
63.373136 143.480703 1.500000
47.186404 270.806904 1.500000
-148.620842 331.822130 1.500000
75.241106 89.120113 1.500000
57.317810 122.545548 1.500000
165.765662 62.760093 1.500000
-47.264654 91.938036 1.500000
-110.226121 171.973975 1.500000
261.815454 315.325714 1.500000
52.396020 228.541322 1.500000
-221.930680 43.654720 1.500000
191.004636 265.551217 1.500000
-133.431406 321.034770 1.500000
171.595299 179.319062 1.500000
128.836344 117.892387 1.500000
273.968798 310.111909 1.500000
266.402949 29.138059 1.500000
-100.495584 333.006032 1.500000
160.269641 327.277203 1.500000
-70.864152 361.630515 1.500000
93.374070 58.789259 1.500000
72.237453 69.893517 1.500000
-213.501960 354.755573 1.500000
-235.589049 204.185354 1.500000
-205.962646 177.141055 1.500000
-173.150552 243.067684 1.500000
-102.956508 50.826683 1.500000
240.021059 272.355840 1.500000
39.311005 381.546927 1.500000
175.957710 281.079717 1.500000
199.236665 203.947614 1.500000
145.274014 381.027065 1.500000
-31.693034 285.479846 1.500000
213.944294 47.216974 1.500000
151.473599 279.950097 1.500000
151.482706 46.518623 1.500000
234.571586 145.449044 1.500000
75.330379 256.137257 1.500000
41.178513 106.276674 1.500000
225.643472 38.827619 1.500000
-1.395397 262.895331 1.500000
183.511160 127.855372 1.500000
-211.294360 232.552619 1.500000
-240.244691 129.223846 1.500000
41.148029 283.304210 1.500000
-201.577013 366.908050 1.500000
272.724586 59.433175 1.500000
-238.179970 327.583897 1.500000
143.117756 88.085419 1.500000
-116.845022 157.096829 1.500000
267.437545 156.361195 1.500000
-39.252629 104.722381 1.500000
-227.875326 49.602653 1.500000
-224.677132 314.352013 1.500000
50.982189 332.127210 1.500000
280.180557 403.114324 1.500000
276.111264 381.434773 1.500000
-62.988300 191.698085 1.500000
10.053923 78.031589 1.500000
-186.894245 28.899223 1.500000
29.428665 224.521117 1.500000
73.539139 348.945213 1.500000
-106.623323 119.158206 1.500000
85.662542 101.126628 1.500000
240.623504 192.499660 1.500000
-240.337582 361.152757 1.500000
-122.342171 196.179589 1.500000
-128.195676 300.241378 1.500000
-169.470662 203.313899 1.500000
-148.245593 163.327974 1.500000
86.256391 190.133577 1.500000
-186.664876 318.134658 1.500000
151.234782 312.371382 1.500000
229.660386 193.103032 1.500000
249.517758 131.150315 1.500000
106.063548 86.086590 1.500000
-134.610197 26.435804 1.500000
-192.619589 73.833195 1.500000
-120.914580 85.697861 1.500000
270.363731 293.502709 1.500000
269.553290 335.891237 1.500000
-41.387830 305.653467 1.500000
-65.952274 301.831829 1.500000
30.749652 396.908932 1.500000
-84.137525 385.801431 1.500000
280.427185 128.051788 1.500000
-123.840679 82.129298 1.500000
-44.897241 90.427619 1.500000
-22.082810 360.944000 1.500000
-171.112684 69.608242 1.500000
-35.625981 153.764038 1.500000
215.013123 225.367377 1.500000
-169.212515 257.017903 1.500000
70.181909 249.919661 1.500000
-23.085366 324.118316 1.500000
-152.460172 240.595547 1.500000
-230.671618 342.775384 1.500000
-94.964972 57.510763 1.500000
-212.863234 351.359557 1.500000
-40.121481 244.470337 1.500000
184.138551 112.155203 1.500000
133.728578 398.272220 1.500000
259.796111 384.853312 1.500000
-15.603355 346.015547 1.500000
136.707994 364.400536 1.500000
110.676091 172.323242 1.500000
-123.672961 115.146520 1.500000
-78.899177 93.242157 1.500000
41.812809 355.344367 1.500000
176.642156 339.260876 1.500000
3.517722 401.296004 1.500000
-120.797016 345.186601 1.500000
284.931167 267.308228 1.500000
-178.689047 80.979176 1.500000
261.334447 89.128613 1.500000
184.813462 208.859649 1.500000
206.494789 313.153622 1.500000
173.301919 92.396141 1.500000
-128.555518 371.373140 1.500000
96.599299 279.484325 1.500000
160.016624 147.773680 1.500000
158.365169 362.569468 1.500000
-94.475072 252.028643 1.500000
-143.780638 301.816719 1.500000
-68.899105 171.624269 1.500000
13.628330 176.799953 1.500000
63.946268 31.347257 1.500000
200.536225 227.049441 1.500000
162.522444 311.460380 1.500000
112.211799 391.334815 1.500000
-100.988470 359.720709 1.500000
7.471602 60.203450 1.500000
-65.061482 393.397623 1.500000
-123.884468 79.878954 1.500000
-232.441786 51.502073 1.500000
-58.063969 314.361140 1.500000
-105.191585 368.095607 1.500000
66.406143 386.751672 1.500000
-203.477986 340.249428 1.500000
-96.402123 103.393242 1.500000
-217.094912 85.293661 1.500000
96.480877 47.861451 1.500000
60.643539 249.418067 1.500000
-62.993780 213.769855 1.500000
-161.084443 72.286348 1.500000
266.113710 202.324191 1.500000
66.802194 246.637829 1.500000
120.672500 298.528236 1.500000
38.864531 188.595923 1.500000
184.567535 144.962433 1.500000
228.897717 273.290538 1.500000
-39.556789 290.251577 1.500000
129.607601 130.281564 1.500000
-121.945591 35.460101 1.500000
104.339970 381.575675 1.500000
-31.445969 308.400523 1.500000
-240.337582 99.936732 1.500000
264.663294 239.925546 1.500000
215.445321 250.089157 1.500000
-86.182409 68.071275 1.500000
286.412063 103.710189 1.500000
-72.586897 385.547465 1.500000
2.343327 221.507811 1.500000
205.458988 96.431031 1.500000
-77.771086 327.329610 1.500000
-3.584699 206.607593 1.500000
104.264936 269.414961 1.500000
-169.132110 137.694359 1.500000
-14.465727 49.774916 1.500000
-72.912640 90.594590 1.500000
122.665512 392.514116 1.500000
-166.395150 257.987018 1.500000
-116.204442 337.614046 1.500000
137.654224 33.404072 1.500000
-160.707436 314.847263 1.500000
-23.054994 213.883972 1.500000
133.741059 279.765438 1.500000
166.704350 158.915757 1.500000
-192.342252 265.813322 1.500000
209.847634 39.616516 1.500000
142.734462 45.624949 1.500000
-60.881482 324.523360 1.500000
158.162402 71.962487 1.500000
144.321704 34.817067 1.500000
74.916998 367.501947 1.500000
58.950761 126.621429 1.500000
150.077855 247.219388 1.500000
284.863337 339.368997 1.500000
69.711819 302.070384 1.500000
186.685404 46.721656 1.500000
146.693425 246.323278 1.500000
210.224274 231.896021 1.500000
267.363883 160.255728 1.500000
-141.090586 307.634576 1.500000
-153.386497 393.965053 1.500000
64.443496 80.747557 1.500000
-7.274966 84.629719 1.500000
57.787675 305.016974 1.500000
176.348950 199.499796 1.500000
248.587867 327.757613 1.500000
-15.249094 81.261014 1.500000
137.724966 42.299455 1.500000
-134.317114 292.240368 1.500000
44.512174 398.943945 1.500000
-232.177232 61.427792 1.500000
22.518313 356.417586 1.500000
49.215660 172.084892 1.500000
145.155138 31.782245 1.500000
103.877062 221.654666 1.500000
-46.520262 133.986488 1.500000
-240.337582 283.726415 1.500000
-180.576241 137.045211 1.500000
271.626957 208.293907 1.500000
243.921982 104.120131 1.500000
-70.918796 338.396063 1.500000
-105.463250 376.418860 1.500000
-10.501206 172.870721 1.500000
123.582738 192.834465 1.500000
-49.518500 398.811939 1.500000
-204.965927 87.831960 1.500000
-24.810885 332.127232 1.500000
-104.847822 238.039056 1.500000
-72.784902 358.595773 1.500000
-155.414173 133.907082 1.500000
108.093668 141.741618 1.500000
39.646475 149.309419 1.500000
-93.279830 35.859999 1.500000
52.279884 89.970445 1.500000
21.455180 403.114324 1.500000
183.048229 115.338598 1.500000
260.889051 34.011581 1.500000
-172.137361 132.974723 1.500000
233.576269 179.462555 1.500000
133.483122 233.854036 1.500000
125.996853 53.290783 1.500000
-40.493645 327.319900 1.500000
-63.191094 339.248979 1.500000
-239.307464 107.907600 1.500000
274.001593 329.821177 1.500000
80.394975 158.518401 1.500000
-29.518020 183.555090 1.500000
46.378617 374.997369 1.500000
-219.923030 364.042836 1.500000
-153.746221 168.973394 1.500000
90.671966 214.452357 1.500000
25.263012 135.418158 1.500000
172.070861 218.693713 1.500000
102.708479 283.697866 1.500000
73.829223 55.715471 1.500000
189.708914 371.695519 1.500000
-200.674946 290.178878 1.500000
118.903808 63.866023 1.500000
134.927948 352.927396 1.500000
-100.642413 306.168339 1.500000
-139.095441 141.589197 1.500000
-127.475190 220.841878 1.500000
-133.665720 352.506397 1.500000
29.208815 386.799721 1.500000
-167.244815 133.828684 1.500000
104.023091 269.053431 1.500000
-188.636219 345.429335 1.500000
-225.971010 402.336062 1.500000
-70.270121 57.061482 1.500000
-139.576905 214.520977 1.500000
277.160412 353.879106 1.500000
-81.037331 26.872777 1.500000
-125.540939 188.702723 1.500000
-134.877050 244.589373 1.500000
-40.184624 226.103577 1.500000
81.827494 308.677217 1.500000
171.492568 50.052437 1.500000
-44.929191 325.354726 1.500000
86.329468 134.158738 1.500000
18.935897 331.888604 1.500000
202.473795 184.374587 1.500000
53.314614 42.152159 1.500000
-83.540937 393.915406 1.500000
128.146352 324.967416 1.500000
191.981312 158.581031 1.500000
1.740694 131.792091 1.500000
286.412063 247.846709 1.500000
228.191840 401.686542 1.500000
-131.952118 136.036426 1.500000
174.350867 386.922189 1.500000
79.155370 154.483766 1.500000
41.214923 293.803661 1.500000
33.745990 168.002173 1.500000
207.964606 57.211518 1.500000
86.193556 381.334995 1.500000
41.516238 90.864339 1.500000
-215.642516 382.755959 1.500000
-5.593791 64.412393 1.500000
238.550345 127.563339 1.500000
133.404900 372.492478 1.500000
-212.035825 273.675267 1.500000
223.862078 103.690244 1.500000
197.481449 248.038175 1.500000
52.183233 95.908662 1.500000
-228.302870 356.278121 1.500000
62.577005 41.525528 1.500000
-208.200231 222.208628 1.500000
-65.163369 50.101377 1.500000
90.756740 282.377861 1.500000
235.554683 384.421739 1.500000
-53.987269 338.395840 1.500000
210.867230 165.128116 1.500000
240.549678 119.341984 1.500000
-235.840439 71.602102 1.500000
-111.145113 357.464324 1.500000
128.002074 55.270117 1.500000
161.115860 263.438554 1.500000
-27.075496 167.683005 1.500000
103.272677 398.938668 1.500000
83.279464 219.681822 1.500000
148.142719 225.904032 1.500000
140.696717 375.981308 1.500000
-198.688402 390.007949 1.500000
-157.374728 246.022150 1.500000
-167.060063 326.046629 1.500000
250.699352 262.614233 1.500000
235.984800 184.273487 1.500000
183.424008 49.589301 1.500000
-182.744049 298.499511 1.500000
62.395913 287.553928 1.500000
-139.965983 72.018247 1.500000
-45.931923 114.771490 1.500000
-92.035035 301.078109 1.500000
198.502958 78.948604 1.500000
-164.854909 286.583560 1.500000
101.845054 297.977636 1.500000
278.558416 159.356250 1.500000
121.701284 121.909879 1.500000
-197.870008 168.352645 1.500000
236.569560 165.533429 1.500000
99.043115 252.776236 1.500000
-1.492409 305.733458 1.500000
101.466608 359.268939 1.500000
226.119309 38.605856 1.500000
9.292672 296.311749 1.500000
39.959981 143.350181 1.500000
-4.292342 340.063473 1.500000
-204.290782 56.097936 1.500000
171.134360 234.974584 1.500000
-170.905350 231.199898 1.500000
-28.928804 154.994591 1.500000
-36.500982 392.184857 1.500000
-94.436167 65.344268 1.500000
-33.396307 74.150347 1.500000
87.584791 266.430260 1.500000
-78.344097 216.423203 1.500000
-152.818762 125.483186 1.500000
217.689235 138.393563 1.500000
270.045794 87.935063 1.500000
-3.332878 351.550619 1.500000
-72.222226 243.481933 1.500000
-214.316785 120.134132 1.500000
-222.893120 176.565475 1.500000
-31.856355 370.654836 1.500000
250.106664 366.469791 1.500000
147.705509 49.919818 1.500000
-58.856475 275.359274 1.500000
270.278682 85.251115 1.500000
-12.574685 109.060879 1.500000
-96.415755 352.296634 1.500000
-12.374552 367.162802 1.500000
-133.906095 53.709263 1.500000
223.673502 352.611025 1.500000
-55.200732 299.136047 1.500000
104.039711 318.404987 1.500000
-35.870860 324.834698 1.500000
237.143624 215.279600 1.500000
97.570380 380.142956 1.500000
15.062807 99.941093 1.500000
-175.378988 211.517393 1.500000
231.104164 145.563313 1.500000
48.628627 336.052768 1.500000
-87.541665 58.910495 1.500000
220.852430 190.293790 1.500000
-208.028062 323.168417 1.500000
-77.747429 146.525036 1.500000
41.264966 119.229995 1.500000
-62.258938 126.426536 1.500000
15.370259 296.837045 1.500000
-100.708112 133.798459 1.500000
-177.211658 178.416911 1.500000
-218.069714 237.741923 1.500000
-151.759527 380.589755 1.500000
260.877433 321.653872 1.500000
60.064567 98.317851 1.500000
19.814763 361.700292 1.500000
-32.002342 345.105121 1.500000
135.368673 301.510837 1.500000
-170.798222 225.003001 1.500000
-92.622227 53.423318 1.500000
106.371249 293.513770 1.500000
9.145511 225.248343 1.500000
169.174843 137.047449 1.500000
233.529763 30.514819 1.500000
197.318514 111.844612 1.500000
-146.490662 259.062722 1.500000
-190.959335 69.467931 1.500000
-153.770090 270.723988 1.500000
173.129932 338.603378 1.500000
245.454296 138.909654 1.500000
242.863027 58.841701 1.500000
-87.359524 75.267463 1.500000
205.178364 159.865098 1.500000
42.081927 332.116983 1.500000
196.581521 268.085311 1.500000
46.091550 359.960673 1.500000
-163.334808 395.676479 1.500000
-196.544325 104.077054 1.500000
264.507865 294.767483 1.500000
-21.412479 200.443835 1.500000
-47.233162 210.413393 1.500000
-52.018085 149.783164 1.500000
-44.755267 157.939303 1.500000
258.381761 283.149482 1.500000
-206.020528 259.202822 1.500000
-174.640320 144.001647 1.500000
178.392508 75.051079 1.500000
48.422139 241.923164 1.500000
-177.797129 299.201970 1.500000
-220.801628 232.496447 1.500000
-127.149467 26.435804 1.500000
-99.309885 137.255510 1.500000
-235.049147 316.144831 1.500000
-124.607087 310.703518 1.500000
146.603149 34.277579 1.500000
208.785703 204.261986 1.500000
230.404913 183.516883 1.500000
-32.802259 268.584010 1.500000
-73.950556 71.612492 1.500000
286.412063 265.701680 1.500000
163.126656 381.411979 1.500000
42.018181 164.147072 1.500000
-106.030125 154.075626 1.500000
-70.628584 32.857252 1.500000
28.357793 47.981425 1.500000
47.315826 374.943463 1.500000
-233.946378 401.949645 1.500000
266.657774 26.435804 1.500000
62.814119 371.492300 1.500000
71.760676 88.542310 1.500000
-130.179263 238.675902 1.500000
160.250348 283.377866 1.500000
149.296817 162.110801 1.500000
-191.694355 225.935458 1.500000
77.451852 265.401836 1.500000
106.568710 100.735779 1.500000
195.676763 400.432210 1.500000
-133.535524 101.210412 1.500000
218.958322 29.832853 1.500000
5.966165 381.593263 1.500000
-187.173178 187.485697 1.500000
-184.884771 176.815888 1.500000
-135.273935 126.047302 1.500000
-91.661786 33.083400 1.500000
23.725205 128.588281 1.500000
155.626340 167.832341 1.500000
-139.879852 226.023751 1.500000
281.965860 197.143789 1.500000
-157.150641 362.558277 1.500000
77.379739 373.392835 1.500000
253.635484 144.919051 1.500000
201.503438 387.208259 1.500000
105.682801 357.017711 1.500000
137.034195 379.675617 1.500000
-172.554789 295.413696 1.500000
-237.891133 104.553122 1.500000
-7.511154 96.711354 1.500000
-198.769350 369.321222 1.500000
-47.377277 215.117807 1.500000
-124.844049 358.516023 1.500000
248.117898 298.342376 1.500000
223.019797 105.243096 1.500000
193.207985 170.867815 1.500000
142.887463 389.494669 1.500000
-160.170691 30.048778 1.500000
-215.900856 300.694575 1.500000
102.013097 395.588572 1.500000
94.966314 61.339140 1.500000
-46.732944 129.435583 1.500000
6.985429 237.048066 1.500000
13.570914 347.140111 1.500000
-114.586967 215.671778 1.500000
-73.501071 47.400232 1.500000
-22.638749 71.472180 1.500000
76.899408 165.818834 1.500000
267.359358 145.947289 1.500000
39.050401 104.779210 1.500000
150.597749 341.562313 1.500000
182.727891 37.593492 1.500000
-179.944507 337.589977 1.500000
107.533094 374.264988 1.500000
18.367089 268.650892 1.500000
62.599676 267.498863 1.500000
-222.184991 82.363794 1.500000
234.662801 243.149435 1.500000
259.816453 167.256000 1.500000
-232.835710 111.250307 1.500000
-129.399123 242.813042 1.500000
-144.449483 27.144064 1.500000
168.083023 133.807712 1.500000
71.231845 269.729483 1.500000
-146.847961 196.978547 1.500000
187.447096 80.289442 1.500000
-54.899936 27.672945 1.500000
-2.018596 129.092782 1.500000
-36.544427 234.866358 1.500000
38.947067 233.478583 1.500000
10.018179 73.196285 1.500000
-93.008250 254.825978 1.500000
-27.095930 403.114324 1.500000
235.721653 251.100775 1.500000
18.830554 220.798637 1.500000
246.077245 261.962445 1.500000
52.077978 357.184918 1.500000
161.533654 385.336302 1.500000
-84.820632 43.776818 1.500000
179.617571 103.798117 1.500000
-97.034691 71.504208 1.500000
-231.257013 315.390051 1.500000
-162.300237 45.999027 1.500000
-231.627557 370.598571 1.500000
260.825762 34.479050 1.500000
286.412063 252.178388 1.500000
161.003964 129.803981 1.500000
-185.201575 206.056096 1.500000
240.379704 192.759138 1.500000
152.663456 304.928883 1.500000
-69.011205 216.366530 1.500000
23.880407 182.152136 1.500000
111.243699 302.788984 1.500000
-227.880125 369.568299 1.500000
26.231997 325.813772 1.500000
140.636430 303.736397 1.500000
-145.492457 204.249033 1.500000
-8.775623 366.526202 1.500000
39.325894 206.315556 1.500000
148.123063 377.108733 1.500000
269.598348 327.644171 1.500000
213.889603 78.593938 1.500000
84.831355 40.999568 1.500000
66.152969 302.603147 1.500000
75.258829 287.723923 1.500000
50.073239 255.737199 1.500000
-205.666355 400.747676 1.500000
126.146829 230.341788 1.500000
143.189810 155.850013 1.500000
27.484570 239.650923 1.500000
221.228533 36.072101 1.500000
118.231833 242.884510 1.500000
-53.388842 366.525153 1.500000
-228.230691 30.177673 1.500000
-217.349344 338.507170 1.500000
-52.555336 326.788591 1.500000
-0.228584 62.194195 1.500000
-150.735870 344.957168 1.500000
-138.343998 315.344795 1.500000
-115.713415 214.753282 1.500000
173.468188 117.501390 1.500000
166.105699 135.275860 1.500000
-39.766037 252.020243 1.500000
-149.767873 116.631832 1.500000
-185.264634 149.611724 1.500000
-195.077312 372.985604 1.500000
-35.103462 304.869264 1.500000
-218.712777 305.269637 1.500000
-69.819024 383.802776 1.500000
262.318903 26.435804 1.500000
17.539959 116.370478 1.500000
192.066561 271.582503 1.500000
-171.165295 187.872284 1.500000
-107.174877 64.706574 1.500000
258.965566 320.018553 1.500000
-38.669179 46.363799 1.500000
97.679848 229.159589 1.500000
272.543236 239.638687 1.500000
52.942085 265.005545 1.500000
-82.419279 147.162403 1.500000
40.102631 32.966339 1.500000
-210.517669 362.139687 1.500000
-183.613412 376.807685 1.500000
-233.535392 212.077563 1.500000
226.631266 35.886811 1.500000
112.503413 246.005514 1.500000
-76.102763 141.030128 1.500000
-120.803148 93.598456 1.500000
114.414292 87.675446 1.500000
242.858134 91.490862 1.500000
-75.366244 151.103022 1.500000
-73.902980 132.861875 1.500000
209.832418 342.338896 1.500000
233.940792 216.794547 1.500000
243.087819 188.972076 1.500000
-83.529299 77.684620 1.500000
-174.750205 356.972675 1.500000
-8.492839 48.839283 1.500000
-86.920487 120.448689 1.500000
226.543163 260.068486 1.500000
-222.248469 290.548408 1.500000
92.114677 331.450967 1.500000
241.440546 181.519474 1.500000
272.980199 152.250122 1.500000
107.236871 129.688385 1.500000
260.804297 245.947195 1.500000
-200.961430 152.618168 1.500000
-56.540526 149.520221 1.500000
-229.387551 35.447576 1.500000
276.482713 378.352246 1.500000
228.360930 46.015672 1.500000
-222.597731 124.727065 1.500000
-230.936790 378.918165 1.500000
-49.830508 309.480136 1.500000
-101.359249 242.006135 1.500000
198.137497 277.088706 1.500000
-157.944765 63.920428 1.500000
175.238534 330.193509 1.500000
54.280432 115.765319 1.500000
-34.825846 393.543462 1.500000
-164.314056 108.141606 1.500000
286.412063 262.633462 1.500000
93.431553 229.905033 1.500000
-8.878937 83.363849 1.500000
-43.441676 165.680512 1.500000
233.042387 317.795562 1.500000
198.102413 104.142784 1.500000
184.815315 384.473018 1.500000
85.050459 138.322547 1.500000
228.113940 264.641023 1.500000
-82.436791 258.224732 1.500000
129.036434 203.033443 1.500000
-26.570899 279.019554 1.500000
80.983620 309.333980 1.500000
286.412063 263.644221 1.500000
277.735068 230.647614 1.500000
28.335913 256.580894 1.500000
59.518494 178.598082 1.500000
240.384748 49.376247 1.500000
279.232184 83.459059 1.500000
173.138929 254.312878 1.500000
-203.911710 371.656307 1.500000
-63.762011 33.735615 1.500000
231.183211 229.977398 1.500000
161.070622 123.102489 1.500000
156.211780 235.910742 1.500000
114.200662 307.473916 1.500000
-20.228647 306.538207 1.500000
-23.324782 294.191937 1.500000
187.307310 320.521402 1.500000
-80.879216 54.954901 1.500000
121.137139 219.633314 1.500000
144.898346 123.538072 1.500000
206.111159 370.264047 1.500000
-72.813812 325.888135 1.500000
149.836154 64.376151 1.500000
-185.422653 114.710307 1.500000
-166.817154 197.968100 1.500000
-21.873378 386.925432 1.500000
-209.939725 70.899748 1.500000
260.067877 239.583271 1.500000
235.351178 158.532900 1.500000
-213.894219 271.244651 1.500000
199.544344 269.625062 1.500000
26.865779 120.403499 1.500000
124.409294 320.480815 1.500000
226.493488 59.851987 1.500000
60.626090 336.198621 1.500000
-178.762766 106.959041 1.500000
-240.337582 246.496602 1.500000
15.263640 152.650867 1.500000
266.427435 256.070836 1.500000
60.596497 124.985009 1.500000
-39.550850 240.841135 1.500000
-225.630389 28.260991 1.500000
246.721850 165.332051 1.500000
-71.463021 336.914464 1.500000
131.431758 200.620166 1.500000
122.074749 216.581765 1.500000
-98.802487 261.840014 1.500000
-207.490587 196.276502 1.500000
-35.053412 353.469291 1.500000
-71.937201 176.340751 1.500000
128.445680 380.976175 1.500000
193.035716 358.464491 1.500000
-119.087018 188.060804 1.500000
39.912564 168.249546 1.500000
-218.459785 278.256032 1.500000
-125.920434 314.785654 1.500000
166.665189 96.307806 1.500000
176.334270 114.451502 1.500000
163.071533 80.914651 1.500000
-168.624296 316.604361 1.500000
46.853394 296.907468 1.500000
-20.319914 94.012184 1.500000
279.386752 225.051374 1.500000
104.122690 310.611469 1.500000
253.022041 380.966545 1.500000
-163.064345 93.913802 1.500000
-5.031079 137.691751 1.500000
169.088147 156.362939 1.500000
-44.965287 266.057459 1.500000
97.579970 82.675279 1.500000
31.741639 103.947799 1.500000
281.112286 315.024886 1.500000
-144.833818 235.636943 1.500000
253.177769 87.124944 1.500000
-26.416289 172.983986 1.500000
8.338836 80.183588 1.500000
37.730313 165.163714 1.500000
-100.246035 171.576248 1.500000
266.874510 66.827989 1.500000
237.229141 47.875565 1.500000
265.705749 354.525500 1.500000
282.708032 363.785244 1.500000
113.076877 31.723999 1.500000
0.844347 267.931928 1.500000
210.174168 62.618452 1.500000
-228.637210 331.564913 1.500000
197.143922 358.045525 1.500000
21.068032 262.054534 1.500000
111.355809 252.101799 1.500000
-49.654761 167.823219 1.500000
-50.800900 120.440967 1.500000
-219.506359 212.359986 1.500000
-11.534795 75.294152 1.500000
-22.975332 285.145594 1.500000
-122.103407 199.524938 1.500000
-114.239077 92.828805 1.500000
66.874338 252.929606 1.500000
-71.116070 322.208327 1.500000
199.486960 246.855418 1.500000
-179.599083 226.074809 1.500000
67.565393 346.990750 1.500000
-150.205222 30.246189 1.500000
36.697914 256.065297 1.500000
59.131704 182.100257 1.500000
91.932684 99.046206 1.500000
-17.526577 397.305007 1.500000
28.628028 181.314882 1.500000
-143.373778 148.263385 1.500000
3.010682 93.197042 1.500000
-45.331255 401.508919 1.500000
117.154497 351.367594 1.500000
-12.925961 54.274528 1.500000
167.122234 245.105384 1.500000
-10.873918 81.977436 1.500000
-113.597742 294.845342 1.500000
-92.887995 207.240735 1.500000
-215.895992 64.905673 1.500000
39.936500 238.684695 1.500000
197.582487 366.163502 1.500000
160.250673 157.354497 1.500000
-9.005215 44.902696 1.500000
-135.071046 377.185344 1.500000
217.728801 84.313327 1.500000
-210.705357 195.250231 1.500000
-27.802884 231.358702 1.500000
208.172603 116.443435 1.500000
-30.332007 86.347222 1.500000
-176.222986 70.376551 1.500000
-102.649550 50.777092 1.500000
77.318801 217.090604 1.500000
-156.983558 347.635976 1.500000
104.885306 74.611271 1.500000
-12.003478 289.292253 1.500000
-63.664764 181.349806 1.500000
-111.772818 45.032328 1.500000
190.861137 229.538900 1.500000
-34.412653 118.710616 1.500000
150.220976 252.957068 1.500000
-5.910687 154.448064 1.500000
-185.497302 276.118947 1.500000
-6.304036 377.239972 1.500000
23.459531 118.051486 1.500000
6.949981 376.442483 1.500000
192.782411 104.687345 1.500000
233.437229 51.887313 1.500000
171.006936 100.706357 1.500000
65.167903 332.670224 1.500000
47.385287 285.992499 1.500000
92.075318 389.396238 1.500000
-89.080413 290.317018 1.500000
189.645602 184.677939 1.500000
202.504554 356.584715 1.500000
-97.340761 386.826438 1.500000
237.822419 327.037051 1.500000
204.192121 229.526790 1.500000
-20.199190 337.677966 1.500000
235.891071 89.390254 1.500000
-184.912678 360.043785 1.500000
-226.574241 399.750379 1.500000
-56.440066 276.429640 1.500000
53.847461 98.105371 1.500000
-52.299161 84.163192 1.500000
256.203963 388.073762 1.500000
-105.389006 353.188827 1.500000
-93.414517 304.517334 1.500000
96.286769 384.620967 1.500000
-234.430601 222.233881 1.500000
141.680281 358.722056 1.500000
-39.222570 86.010063 1.500000
277.006842 92.114154 1.500000
125.120001 222.976962 1.500000
-207.802210 154.466068 1.500000
-193.725385 188.017709 1.500000
-195.159708 325.302331 1.500000
259.124977 43.721691 1.500000
122.161389 297.094258 1.500000
-15.913728 62.729511 1.500000
-136.820644 345.795821 1.500000
224.841287 106.350066 1.500000
-128.739551 301.111026 1.500000
130.919365 242.445909 1.500000
157.641030 179.507375 1.500000
-79.537039 127.854712 1.500000
27.038268 50.415072 1.500000
-121.615890 157.183991 1.500000
-40.421516 97.883050 1.500000
265.645666 78.095370 1.500000
123.532775 298.637113 1.500000
207.649310 105.684452 1.500000
43.080369 113.561581 1.500000
-113.124532 156.033265 1.500000
135.211726 201.472017 1.500000
20.165753 225.171578 1.500000
-142.319111 277.882135 1.500000
-21.308185 242.406140 1.500000
95.056221 207.428565 1.500000
148.663276 180.600575 1.500000
-117.599789 125.623450 1.500000
219.614166 299.448225 1.500000
-44.991073 149.102664 1.500000
-97.142353 345.229439 1.500000
-136.580425 243.989121 1.500000
183.683399 266.248678 1.500000
-50.245750 221.897655 1.500000
9.800628 371.467013 1.500000
-125.365072 185.602961 1.500000
122.303690 181.141485 1.500000
171.863298 361.796410 1.500000
-65.491745 249.327049 1.500000
261.072238 197.307185 1.500000
-219.583788 123.115504 1.500000
-169.033088 122.212892 1.500000
65.278564 326.697420 1.500000
129.607409 129.809956 1.500000
-107.269379 26.435804 1.500000
50.703645 34.939359 1.500000
-68.586006 396.455355 1.500000
51.180915 240.133963 1.500000
113.276665 212.606483 1.500000
274.438066 373.383813 1.500000
0.528818 160.696446 1.500000
103.871269 327.984802 1.500000
68.737042 301.049027 1.500000
-70.368498 201.565084 1.500000
-107.263645 316.837547 1.500000
278.043209 385.354606 1.500000
-134.744496 102.996694 1.500000
168.617477 37.921103 1.500000
-162.600026 338.549058 1.500000
182.191154 176.637228 1.500000
-143.507576 233.016770 1.500000
272.198409 111.279402 1.500000
120.669955 344.218938 1.500000
-187.182518 294.188669 1.500000
123.073920 389.493942 1.500000
74.706587 201.918705 1.500000
-66.308126 393.186637 1.500000
-100.826735 221.741483 1.500000
141.723863 259.391909 1.500000
148.391073 280.603035 1.500000
-71.173965 211.281009 1.500000
225.805566 238.620754 1.500000
-103.084145 110.895944 1.500000
-200.505860 163.571940 1.500000
73.929648 291.085689 1.500000
-182.746910 38.435644 1.500000
-91.374119 285.616255 1.500000
28.251439 143.855951 1.500000
-90.383521 131.961861 1.500000
-122.900043 288.670433 1.500000
130.932390 108.388398 1.500000
58.841655 385.935733 1.500000
196.890893 392.287560 1.500000
60.670387 198.246322 1.500000
17.300847 171.949412 1.500000
-102.816145 56.760715 1.500000
179.260664 323.486784 1.500000
-139.930991 85.882022 1.500000
-112.581454 376.218805 1.500000
204.340865 396.553328 1.500000
148.454185 72.677695 1.500000
83.188800 283.609758 1.500000
-223.920785 198.907586 1.500000
-172.120208 233.011547 1.500000
27.351177 102.184838 1.500000
149.083447 302.540162 1.500000
0.233523 88.863424 1.500000
-227.658724 359.541662 1.500000
-147.220339 195.897612 1.500000
72.316871 263.974461 1.500000
125.507053 376.529184 1.500000
-223.982696 307.406886 1.500000
-213.113022 226.652996 1.500000
-99.908128 179.214771 1.500000
-195.513947 203.845554 1.500000
38.674404 154.086160 1.500000
-173.040846 382.208326 1.500000
97.899143 123.769870 1.500000
168.401433 182.801010 1.500000
270.903728 320.863215 1.500000
264.927280 164.438172 1.500000
-97.102312 361.568847 1.500000
-229.114400 117.162894 1.500000
-62.410883 34.889584 1.500000
135.031265 258.602999 1.500000
-206.548389 219.670649 1.500000
-46.393813 378.223332 1.500000
-78.178363 187.187221 1.500000
-127.472548 75.023104 1.500000
127.443573 150.951623 1.500000
109.368939 174.786167 1.500000
40.946340 249.926055 1.500000
238.897302 132.389507 1.500000
-189.374236 231.507130 1.500000
-159.737146 369.990836 1.500000
-37.149206 183.805251 1.500000
104.681562 264.029097 1.500000
63.160951 117.834838 1.500000
-197.708172 327.153700 1.500000
265.279456 131.133327 1.500000
-76.291267 242.851033 1.500000
-57.557923 137.110531 1.500000
88.329663 50.185043 1.500000
255.377322 147.603840 1.500000
108.841654 106.831639 1.500000
265.418562 364.179928 1.500000
-140.414185 125.204249 1.500000
85.674695 393.601367 1.500000
196.312421 209.362382 1.500000
23.111580 114.114122 1.500000
-52.282431 169.904731 1.500000
281.747486 93.064454 1.500000
-167.589161 339.196106 1.500000
-20.459342 78.792446 1.500000
222.190845 357.775439 1.500000
236.627947 41.171031 1.500000
277.077085 141.758249 1.500000
224.447548 80.675616 1.500000
-213.949443 285.381849 1.500000
251.337749 221.503838 1.500000
-21.177508 380.439059 1.500000
106.633923 164.880624 1.500000
-34.153266 37.126330 1.500000
188.002936 317.665710 1.500000
62.794705 243.378736 1.500000
204.933260 334.401233 1.500000
-142.209453 185.440080 1.500000
-142.442627 303.100628 1.500000
-6.586164 88.468875 1.500000
-240.337582 403.114324 1.500000
120.720109 94.767469 1.500000
-81.703790 333.126278 1.500000
55.349042 104.912371 1.500000
-202.567008 319.860440 1.500000
-152.497170 350.334654 1.500000
89.900102 361.766554 1.500000
-82.938604 203.187989 1.500000
-127.644883 192.647676 1.500000
-123.712248 340.068384 1.500000
-127.667564 249.432130 1.500000
84.657762 259.524571 1.500000
-149.738862 114.072973 1.500000
-47.982591 194.425656 1.500000
120.294853 169.476016 1.500000
33.509363 277.523093 1.500000
71.410958 101.074592 1.500000
-108.278273 181.183932 1.500000
249.125182 343.495770 1.500000
-20.099720 233.280217 1.500000
-87.249103 362.071879 1.500000
239.921784 118.437693 1.500000
105.084943 193.393928 1.500000
74.179393 217.010026 1.500000
225.456975 171.202961 1.500000
-204.805728 286.390022 1.500000
199.934819 81.922740 1.500000
110.974622 217.771300 1.500000
-49.363510 78.993305 1.500000
-103.732425 258.886120 1.500000
-187.312708 341.005528 1.500000
254.632655 38.270175 1.500000
-168.127320 193.182156 1.500000
-102.110716 211.936719 1.500000
123.872678 297.245422 1.500000
130.237637 48.612484 1.500000
-155.681355 182.124623 1.500000
186.306645 324.186843 1.500000
32.839238 232.961495 1.500000
209.267765 310.375259 1.500000
-194.726872 160.913470 1.500000
-217.533703 374.556078 1.500000
98.238204 59.424522 1.500000
-161.833431 59.380868 1.500000
38.454319 228.062335 1.500000
-228.473639 196.720307 1.500000
169.017233 271.358008 1.500000
238.428051 115.117494 1.500000
205.608965 103.942698 1.500000
265.220098 309.757256 1.500000
234.036050 130.377978 1.500000
-5.742914 298.557724 1.500000
-31.241307 269.812967 1.500000
229.348531 57.415274 1.500000
249.523925 298.072903 1.500000
269.032835 357.921558 1.500000
163.357585 333.936559 1.500000
-134.916243 33.069363 1.500000
253.320895 228.721650 1.500000
260.544265 370.394815 1.500000
109.861863 252.282912 1.500000
215.131024 135.592895 1.500000
54.527939 103.197245 1.500000
255.761165 282.440420 1.500000
-193.570546 314.459676 1.500000
214.872076 367.001842 1.500000
-210.967030 361.174290 1.500000
-59.487762 158.686581 1.500000
-168.853791 251.200913 1.500000
18.328411 63.960115 1.500000
-116.633349 66.691776 1.500000
258.205694 52.930817 1.500000
51.070303 377.214340 1.500000
234.146157 79.592047 1.500000
-96.925366 212.312786 1.500000
-224.869378 189.200067 1.500000
170.925333 145.715222 1.500000
132.398827 225.930318 1.500000
44.392387 32.557000 1.500000
191.908325 167.871363 1.500000
203.144330 204.004632 1.500000
67.516663 327.724103 1.500000
267.986336 290.609788 1.500000
140.184270 346.978281 1.500000
114.187729 169.512339 1.500000
-49.053203 80.216173 1.500000
-234.811070 179.446575 1.500000
-110.528946 388.381442 1.500000
162.303232 113.384943 1.500000
134.289277 90.797075 1.500000
-67.585974 386.204553 1.500000
87.658338 382.454389 1.500000
-142.081560 78.366819 1.500000
-100.718445 311.270903 1.500000
260.756790 189.222427 1.500000
-22.907392 215.328768 1.500000
-113.922426 210.827853 1.500000
16.444899 388.568087 1.500000
-32.451811 97.152064 1.500000
146.635524 317.624682 1.500000
266.368312 26.816177 1.500000
77.502187 259.381942 1.500000
79.145140 273.212805 1.500000
-49.601904 312.299538 1.500000
56.343907 376.701185 1.500000
-70.051221 310.468837 1.500000
-240.337582 299.051603 1.500000
218.425672 122.975774 1.500000
-13.823659 401.136681 1.500000
19.984768 198.935696 1.500000
-198.079818 182.773266 1.500000
198.246973 216.581597 1.500000
-156.568987 174.633685 1.500000
-19.588690 244.164723 1.500000
205.096336 156.210816 1.500000
2.819496 114.697245 1.500000
251.191558 377.669432 1.500000
-136.994030 383.724013 1.500000
134.157754 213.762687 1.500000
274.054550 385.262140 1.500000
45.927167 182.546010 1.500000
119.189475 172.385007 1.500000
-36.137667 374.084437 1.500000
155.576524 268.568410 1.500000
238.559701 317.832772 1.500000
132.719257 183.519227 1.500000
258.852073 179.742211 1.500000
71.792278 62.264726 1.500000
63.142711 389.544953 1.500000
-74.474234 112.466489 1.500000
128.712638 211.885279 1.500000
217.994066 63.213156 1.500000
97.449090 273.944605 1.500000
-115.147693 175.696748 1.500000
46.777382 308.487514 1.500000
154.467213 228.469956 1.500000
252.290427 74.297569 1.500000
-161.575119 33.447161 1.500000
-176.903060 106.688029 1.500000
-18.166551 295.209552 1.500000
-174.602248 338.598340 1.500000
281.411745 152.314023 1.500000
-19.505450 224.638612 1.500000
42.214944 119.444742 1.500000
-120.037926 359.254498 1.500000
-1.121511 394.501310 1.500000
279.113244 308.868983 1.500000
20.033452 57.028812 1.500000
-234.026989 193.005397 1.500000
-115.860107 397.036973 1.500000
277.261296 111.909557 1.500000
280.344082 280.563367 1.500000
-131.790580 379.594670 1.500000
85.834491 316.218719 1.500000
-197.061470 251.572360 1.500000
62.378903 220.111428 1.500000
-175.060592 375.194943 1.500000
186.730724 176.977663 1.500000
249.169027 367.382455 1.500000
-149.943767 192.078044 1.500000
5.772052 310.703359 1.500000
-188.306266 370.322404 1.500000
-57.412323 230.526354 1.500000
-206.662585 141.532934 1.500000
-101.590820 46.664896 1.500000
280.395108 328.815486 1.500000
-213.898049 261.680941 1.500000
209.246949 129.921325 1.500000
-199.926345 355.602290 1.500000
36.669248 369.150979 1.500000
-3.868346 359.372007 1.500000
250.463967 248.746696 1.500000
-135.828107 398.295789 1.500000
-142.535130 356.210849 1.500000
154.014976 63.523098 1.500000
143.599910 394.317783 1.500000
128.474433 229.613037 1.500000
-222.363856 376.026987 1.500000
-104.311064 318.351679 1.500000
201.178190 265.877983 1.500000
78.399336 152.616056 1.500000
75.920370 35.879881 1.500000
-82.968440 134.478877 1.500000
-96.277757 279.268104 1.500000
255.323011 352.228834 1.500000
147.602264 26.435804 1.500000
-174.987519 106.752324 1.500000
257.612252 280.149381 1.500000
68.483826 133.341823 1.500000
-62.938091 79.494265 1.500000
-31.597409 61.986269 1.500000
141.017476 266.186199 1.500000
-44.302119 253.099569 1.500000
64.534863 351.742634 1.500000
133.366041 147.694818 1.500000
-136.850817 74.890519 1.500000
252.809320 329.581879 1.500000
-52.655766 399.674824 1.500000
-15.644119 158.618433 1.500000
130.436759 351.757229 1.500000
80.408753 320.553142 1.500000
-0.817360 368.634985 1.500000
100.181747 185.184851 1.500000
234.966892 65.946035 1.500000
176.859984 69.395433 1.500000
192.629653 314.337615 1.500000
-98.857602 350.287636 1.500000
-20.513460 199.791352 1.500000
46.802961 48.689217 1.500000
-214.444087 57.418515 1.500000
166.317806 252.053719 1.500000
-67.461400 371.794032 1.500000
-92.371351 180.038639 1.500000
-106.776980 267.337060 1.500000
-91.618524 235.673656 1.500000
-60.623854 358.623030 1.500000
78.036558 343.555681 1.500000
68.219110 105.895954 1.500000
-107.251961 280.074317 1.500000
-130.328378 344.382911 1.500000
194.937259 376.513231 1.500000
-193.613218 250.513325 1.500000
30.211518 89.703613 1.500000
32.707597 236.382161 1.500000
63.940270 276.295250 1.500000
228.797773 125.622643 1.500000
89.813478 389.809550 1.500000
267.618696 113.202818 1.500000
215.753033 370.054299 1.500000
-129.132957 184.300331 1.500000
-115.683301 26.882272 1.500000
-60.356469 229.140270 1.500000
-31.331757 267.018867 1.500000
53.048364 353.597360 1.500000
-119.133189 233.346970 1.500000
-121.441956 56.814251 1.500000
-38.454031 376.514862 1.500000
113.551778 241.181046 1.500000
125.577014 128.302121 1.500000
271.847675 363.399977 1.500000
-133.557045 71.519658 1.500000
-36.551744 65.382891 1.500000
264.797159 224.330638 1.500000
119.041983 263.917740 1.500000
68.687349 219.858244 1.500000
44.170086 375.584776 1.500000
-201.469968 124.780579 1.500000
229.437140 399.621668 1.500000
88.249579 38.700141 1.500000
66.106250 72.129021 1.500000
40.432492 93.548004 1.500000
-37.629192 55.104376 1.500000
-108.729314 188.069327 1.500000
157.312321 346.733550 1.500000
29.621241 332.111799 1.500000
-220.604182 307.329944 1.500000
-27.280781 33.048639 1.500000
248.479338 355.515989 1.500000
-44.577718 172.322713 1.500000
-17.766860 299.635081 1.500000
79.981093 297.434407 1.500000
182.132613 85.559333 1.500000
113.064095 220.071050 1.500000
213.049498 377.718042 1.500000
-185.285314 124.763401 1.500000
245.430804 291.967986 1.500000
231.730144 384.777607 1.500000
27.728922 161.291281 1.500000
88.131593 174.759742 1.500000
-125.739102 196.357926 1.500000
-0.763519 333.088236 1.500000
-135.159277 191.660899 1.500000
-226.761795 210.304578 1.500000
275.759604 107.357519 1.500000
-102.162525 396.666626 1.500000
75.545435 358.799017 1.500000
-82.763490 254.343677 1.500000
-41.881852 387.384595 1.500000
-34.455904 274.420214 1.500000
-61.882304 389.153758 1.500000
98.513535 90.205319 1.500000
268.625885 108.925635 1.500000
-18.109496 361.305879 1.500000
271.744491 183.964285 1.500000
112.330901 159.889477 1.500000
80.800350 316.436633 1.500000
-115.095584 263.254782 1.500000
-202.906563 156.644432 1.500000
204.531817 174.427568 1.500000
61.285987 179.378603 1.500000
-27.108543 74.507089 1.500000
189.229663 109.776219 1.500000
-75.075617 233.993809 1.500000
182.478339 323.447739 1.500000
-64.503669 185.832777 1.500000
245.730351 170.411222 1.500000
-98.421441 269.187610 1.500000
-168.830832 88.760225 1.500000
127.776074 171.688353 1.500000
-153.729102 103.637986 1.500000
253.844789 268.643377 1.500000
105.566581 64.033207 1.500000
-118.428782 195.206758 1.500000
-125.080243 250.258007 1.500000
245.918251 344.020310 1.500000
77.554722 302.335320 1.500000
231.243138 381.708772 1.500000
-182.053450 282.288037 1.500000
246.720626 154.511777 1.500000
29.761242 116.904145 1.500000
111.285366 47.578990 1.500000
-45.663135 132.812939 1.500000
-209.834883 81.514178 1.500000
266.470521 163.818024 1.500000
281.543191 288.598151 1.500000
-48.976356 294.516273 1.500000
258.468129 148.065670 1.500000
-152.796025 217.160763 1.500000
-151.030045 111.808685 1.500000
-201.079347 214.971559 1.500000
-37.962252 219.549146 1.500000
-215.305298 138.223151 1.500000
-35.271852 124.120838 1.500000
-169.915552 394.598253 1.500000
146.078609 226.503050 1.500000
195.316369 238.886585 1.500000
120.975333 27.455885 1.500000
-131.299118 96.659281 1.500000
162.040115 159.854004 1.500000
-106.898982 385.139702 1.500000
154.673856 94.308145 1.500000
57.427044 142.591316 1.500000
-49.829730 403.114324 1.500000
-195.458688 207.712261 1.500000
192.448424 146.923138 1.500000
260.833231 266.820953 1.500000
105.516217 216.441320 1.500000
271.141689 389.957909 1.500000
254.340107 58.729947 1.500000
-136.898092 324.119299 1.500000
144.991563 134.089633 1.500000
-50.776516 330.067016 1.500000
23.874906 341.886343 1.500000
-158.277897 341.816139 1.500000
273.600443 352.021663 1.500000
140.497826 297.298918 1.500000
-103.251587 87.492475 1.500000
-43.275663 45.626319 1.500000
-17.045983 154.934553 1.500000
148.594878 211.704987 1.500000
248.641130 142.283015 1.500000
-70.169686 306.850243 1.500000
6.747938 296.649734 1.500000
70.134728 389.504505 1.500000
-31.872434 176.115982 1.500000
30.066396 319.872423 1.500000
-183.460939 304.936429 1.500000
-149.673705 399.300948 1.500000
-31.554226 316.336471 1.500000
240.363400 137.615735 1.500000
-54.489305 35.666773 1.500000
-112.834343 390.434526 1.500000
151.586434 293.271133 1.500000
261.096665 332.437885 1.500000
1.390018 324.832683 1.500000
-234.846808 303.392855 1.500000
122.318293 308.306019 1.500000
-23.570937 373.394549 1.500000
110.970645 370.866558 1.500000
-94.321446 168.229779 1.500000
-235.155575 37.312539 1.500000
-55.801179 41.288213 1.500000
129.875537 194.466807 1.500000
-34.363613 341.171318 1.500000
-126.206819 344.521196 1.500000
2.759117 179.841107 1.500000
156.824984 137.893027 1.500000
-174.253802 213.997862 1.500000
130.830984 337.367010 1.500000
108.696103 264.160152 1.500000
-43.097994 75.234246 1.500000
272.413665 157.803430 1.500000
229.958877 237.163198 1.500000
-76.877662 233.010430 1.500000
-223.134240 340.990910 1.500000
-71.578495 376.115594 1.500000
-131.693230 59.128785 1.500000
45.565474 111.541155 1.500000
243.138916 169.330968 1.500000
214.691870 137.822617 1.500000
-79.186652 177.831325 1.500000
-12.523759 34.932832 1.500000
-223.166792 55.743187 1.500000
36.533522 338.461153 1.500000
-206.127878 64.008785 1.500000
252.568225 336.460286 1.500000
214.067498 140.480939 1.500000
-129.792231 144.307346 1.500000
129.255377 62.162134 1.500000
57.643235 32.577559 1.500000
184.568645 161.220906 1.500000
13.069351 336.963552 1.500000
-140.133660 373.670789 1.500000
95.137104 46.471843 1.500000
-197.666823 34.581285 1.500000
67.157755 87.124274 1.500000
-133.552942 313.855654 1.500000
126.194754 104.729554 1.500000
197.976866 114.522329 1.500000
-184.035925 356.997408 1.500000
-35.245414 358.232167 1.500000
145.503358 279.774404 1.500000
-155.870983 86.456359 1.500000
57.896840 169.598895 1.500000
107.061752 117.706188 1.500000
-54.866915 278.546770 1.500000
196.674820 326.564858 1.500000
28.074610 84.446603 1.500000
89.223104 365.026829 1.500000
-165.976134 200.088419 1.500000
-223.574436 325.343412 1.500000
-215.150833 44.084622 1.500000
233.068561 162.634657 1.500000
219.411989 34.066109 1.500000
183.527588 293.025135 1.500000
-139.395736 58.291615 1.500000
39.327865 156.661448 1.500000
178.728500 322.620271 1.500000
117.862564 308.165554 1.500000
-175.089743 269.211042 1.500000
228.793253 291.756314 1.500000
-156.740268 271.566073 1.500000
-145.849201 268.061514 1.500000
234.836046 164.540831 1.500000
16.498748 37.966951 1.500000
-40.818012 189.840229 1.500000
53.990454 46.178392 1.500000
277.844193 204.253906 1.500000
-173.133198 199.278135 1.500000
158.180192 90.444511 1.500000
-62.673310 322.566108 1.500000
-179.212196 291.516034 1.500000
-15.022682 233.469581 1.500000
46.615507 374.940257 1.500000
-136.895931 134.158705 1.500000
-24.897264 124.950470 1.500000
91.444123 97.006904 1.500000
59.948480 226.228897 1.500000
144.381794 100.453058 1.500000
203.137047 352.269269 1.500000
-25.850560 145.041295 1.500000
-26.676109 218.462316 1.500000
22.894544 225.905664 1.500000
59.976373 142.456285 1.500000
-181.728218 297.252518 1.500000
-74.244460 289.838201 1.500000
-150.337807 314.365908 1.500000
-38.321184 255.522437 1.500000
269.057844 196.037949 1.500000
64.523552 201.472895 1.500000
-13.196565 300.900611 1.500000
58.783257 169.339941 1.500000
114.467729 194.118155 1.500000
-15.445293 88.240529 1.500000
-9.484279 284.901230 1.500000
127.986098 51.489949 1.500000
-211.338081 392.719331 1.500000
44.707628 76.770187 1.500000
44.037519 168.276092 1.500000
161.822099 114.071973 1.500000
274.804011 137.264815 1.500000
183.603992 147.125002 1.500000
26.605796 296.931794 1.500000
-154.243876 89.459629 1.500000
75.812911 122.011398 1.500000
199.925417 64.681274 1.500000
251.309553 149.663351 1.500000
194.198731 380.995047 1.500000
-139.398776 171.247891 1.500000
136.587763 324.160904 1.500000
220.688802 200.288404 1.500000
117.747209 201.230379 1.500000
121.229165 338.026784 1.500000
24.870946 38.606626 1.500000
96.988485 355.379226 1.500000
-84.779017 211.362645 1.500000
-195.207869 156.292752 1.500000
193.856174 371.270217 1.500000
252.888882 153.331274 1.500000
212.771082 395.618463 1.500000
-66.296667 379.539738 1.500000
-191.645871 130.789012 1.500000
-92.061554 155.912733 1.500000
203.637455 328.203392 1.500000
105.095643 106.392890 1.500000
266.153382 304.651038 1.500000
-59.023890 73.432789 1.500000
49.211675 100.471092 1.500000
175.555569 217.813400 1.500000
-113.608504 304.336230 1.500000
269.012424 307.364842 1.500000
69.995265 259.010993 1.500000
-236.624285 126.985500 1.500000
-222.289792 180.682763 1.500000
223.447244 117.768777 1.500000
99.683877 127.815677 1.500000
163.603033 148.876055 1.500000
173.288142 253.125711 1.500000
-19.978999 106.814816 1.500000
178.100346 39.970855 1.500000
253.477003 289.788476 1.500000
-147.672454 31.686778 1.500000
166.133696 394.627770 1.500000
-82.604313 153.920853 1.500000
-65.702904 33.618085 1.500000
-23.784338 358.075541 1.500000
217.400848 254.166555 1.500000
-230.932162 336.365309 1.500000
-16.599625 186.491667 1.500000
113.938437 162.353911 1.500000
-183.169149 271.579350 1.500000
178.553998 178.449392 1.500000
255.902854 233.936969 1.500000
-193.188401 135.927095 1.500000
-156.418135 148.226259 1.500000
272.773743 58.686162 1.500000
-135.277839 318.890864 1.500000
-189.423054 161.113634 1.500000
261.205383 400.661103 1.500000
227.763578 122.390338 1.500000
106.508457 205.798121 1.500000
52.330730 140.367614 1.500000
244.770864 290.936801 1.500000
105.428122 330.183777 1.500000
110.919317 212.598852 1.500000
208.145231 163.456340 1.500000
103.408043 313.698841 1.500000
23.043556 91.978234 1.500000
-33.764313 253.372494 1.500000
22.740317 302.744756 1.500000
37.533346 127.723678 1.500000
-48.997348 274.279844 1.500000
3.718724 303.555002 1.500000
186.468064 71.321241 1.500000
-24.175534 149.669097 1.500000
-228.430350 184.729508 1.500000
-96.999106 310.425549 1.500000
-124.680878 245.744036 1.500000
178.022941 203.455348 1.500000
-7.249774 141.257300 1.500000
-87.760546 28.109203 1.500000
190.174674 38.166155 1.500000
-231.029620 119.762332 1.500000
-149.535950 75.419277 1.500000
199.716694 72.597336 1.500000
54.861842 247.376494 1.500000
164.384368 258.411708 1.500000
197.987786 45.206923 1.500000
254.938077 254.557486 1.500000
-205.635122 76.760566 1.500000
179.118020 164.880666 1.500000
134.361377 399.277825 1.500000
-125.436024 227.063294 1.500000
246.218162 44.148461 1.500000
-28.761413 155.213943 1.500000
223.049972 277.929414 1.500000
75.896093 119.652886 1.500000
36.242682 388.064778 1.500000
-158.490040 188.660847 1.500000
242.844102 33.023409 1.500000
53.336749 231.479745 1.500000
-236.231352 278.542912 1.500000
-231.626300 195.684378 1.500000
168.636292 374.945474 1.500000
-156.089737 364.538626 1.500000
74.301703 77.866728 1.500000
119.679127 58.128115 1.500000
-98.952327 149.747030 1.500000
60.412088 253.734800 1.500000
-116.387564 250.078439 1.500000
257.117160 128.786452 1.500000
208.072143 382.140911 1.500000
-89.687159 137.295660 1.500000
39.048915 332.553256 1.500000
24.741851 340.066386 1.500000
261.795333 64.049641 1.500000
-31.556546 108.251998 1.500000
59.234911 105.739536 1.500000
247.377217 368.601071 1.500000
-154.574179 158.628077 1.500000
43.424874 341.919563 1.500000
-187.365511 206.895715 1.500000
85.741322 196.659559 1.500000
-44.847682 364.176312 1.500000
267.566542 191.934244 1.500000
-13.512785 308.076559 1.500000
-167.659123 184.552049 1.500000
195.151530 61.995726 1.500000
195.915204 43.751334 1.500000
121.920646 102.900118 1.500000
155.084050 297.140711 1.500000
-103.686658 163.887083 1.500000
93.791568 196.151843 1.500000
-217.424172 68.518857 1.500000
-137.405099 260.237166 1.500000
255.917302 325.360938 1.500000
146.000547 254.965084 1.500000
-123.509825 402.827940 1.500000
-183.105575 36.009215 1.500000
268.176925 33.192105 1.500000
-178.741022 218.265284 1.500000
-103.264346 128.368784 1.500000
-142.374373 284.802517 1.500000
-237.860547 321.500466 1.500000
-66.679150 70.747111 1.500000
274.185049 370.666278 1.500000
-59.147188 36.559961 1.500000
28.259423 285.855147 1.500000
148.764097 171.432848 1.500000
47.305625 279.569940 1.500000
150.612439 64.592072 1.500000
111.152861 377.683241 1.500000
76.328615 379.615050 1.500000
101.662686 223.712169 1.500000
179.995413 216.399380 1.500000
129.032325 269.894377 1.500000
175.202781 244.874562 1.500000
-162.017321 235.973548 1.500000
112.177007 244.195047 1.500000
152.122452 351.827233 1.500000
-80.926234 253.940425 1.500000
221.383735 98.298984 1.500000
-79.806289 373.401392 1.500000
-115.176066 107.098098 1.500000
214.456267 96.440902 1.500000
-109.134406 403.114324 1.500000
-23.426773 104.737961 1.500000
-45.968115 65.698224 1.500000
230.019520 237.420249 1.500000
0.811971 340.518073 1.500000
126.967644 48.430735 1.500000
173.039063 212.267549 1.500000
90.612332 52.834461 1.500000
252.188156 188.149826 1.500000
176.799851 159.123591 1.500000
-31.310560 72.679752 1.500000
268.892971 377.423957 1.500000
38.308189 263.480569 1.500000
-224.268673 339.951051 1.500000
-101.550430 365.172226 1.500000
87.774587 374.957376 1.500000
-155.049213 307.528499 1.500000
65.401339 143.068629 1.500000
-48.454408 340.303796 1.500000
44.681073 221.150328 1.500000
-237.251741 133.515871 1.500000
210.296405 170.634522 1.500000
-49.145659 134.060868 1.500000
-161.432934 201.011078 1.500000
-10.290255 320.889449 1.500000
22.109212 199.256017 1.500000
97.134892 130.954384 1.500000
34.823658 59.061435 1.500000
-220.948941 345.323553 1.500000
216.307251 180.769205 1.500000
-2.749749 195.183709 1.500000
-200.050458 316.765078 1.500000
162.927542 344.563225 1.500000
111.276799 214.907237 1.500000
102.085703 265.027825 1.500000
-15.250334 117.464225 1.500000
-27.604561 380.351622 1.500000
39.871491 238.670165 1.500000
-220.348095 297.129213 1.500000
-78.008270 69.517836 1.500000
275.782173 269.250681 1.500000
104.446365 169.399173 1.500000
-15.424639 200.766931 1.500000
-122.045202 287.299030 1.500000
152.563395 331.835668 1.500000
-102.208948 161.073668 1.500000
-151.947486 353.597311 1.500000
-158.647287 113.525273 1.500000
139.170987 234.338216 1.500000
100.462061 90.507656 1.500000
-202.300212 132.464274 1.500000
-176.224160 366.381016 1.500000
89.793734 35.121754 1.500000
58.309596 372.704742 1.500000
122.188446 143.986741 1.500000
-149.389185 285.683161 1.500000
135.333812 62.054556 1.500000
253.342891 269.895852 1.500000
78.950481 368.473958 1.500000
-137.412959 235.791450 1.500000
119.256308 158.432488 1.500000
-58.409324 330.682505 1.500000
-214.343793 293.770361 1.500000
-80.672892 73.134340 1.500000
240.726463 281.401960 1.500000
-26.662843 273.332255 1.500000
217.443712 310.052403 1.500000
24.055913 146.415781 1.500000
29.596049 176.814448 1.500000
-234.002135 390.843584 1.500000
91.627268 240.442975 1.500000
-184.271451 218.143639 1.500000
18.927017 397.048201 1.500000
-100.139119 119.881862 1.500000
-35.861510 174.341691 1.500000
40.870249 314.902457 1.500000
-233.228963 300.435397 1.500000
-86.497448 387.816076 1.500000
277.935211 273.182687 1.500000
-213.289120 141.412716 1.500000
-69.957116 170.183998 1.500000
-76.072345 57.873683 1.500000
-43.229414 372.670294 1.500000
120.115257 73.369499 1.500000
-109.940085 231.091746 1.500000
-1.984728 177.651108 1.500000
100.405294 73.404551 1.500000
-68.893257 137.854553 1.500000
257.440570 268.727640 1.500000
280.686902 42.199505 1.500000
-176.280754 389.522789 1.500000
-62.245157 371.554260 1.500000
-125.926026 56.260351 1.500000
-143.516202 352.495843 1.500000
18.822494 151.397098 1.500000
55.197803 50.859143 1.500000
-14.253061 137.950214 1.500000
-98.213984 333.626114 1.500000
-94.836336 274.754398 1.500000
281.785639 114.736152 1.500000
244.703296 300.508803 1.500000
-197.142451 294.668190 1.500000
101.726861 306.784057 1.500000
0.211092 225.681635 1.500000
122.763394 331.425140 1.500000
73.737355 269.215148 1.500000
230.980700 75.561088 1.500000
-209.563355 332.400889 1.500000
-54.483254 146.971075 1.500000
275.036242 290.487422 1.500000
-145.845169 281.390909 1.500000
-177.307808 149.211519 1.500000
142.651890 87.613632 1.500000
167.441478 284.045277 1.500000
118.697086 343.086779 1.500000
169.247394 342.714178 1.500000
126.399368 264.176417 1.500000
-172.142934 113.120637 1.500000
82.263318 142.201712 1.500000
173.796612 305.074788 1.500000
218.182710 181.170708 1.500000
-114.569293 296.653712 1.500000
-174.605899 145.832247 1.500000
171.427002 26.435804 1.500000
-106.932322 260.460116 1.500000
-215.919768 249.902112 1.500000
192.896540 264.211034 1.500000
26.063014 125.245750 1.500000
-70.084379 331.444288 1.500000
-233.622254 210.606012 1.500000
-217.581813 316.191831 1.500000
177.521010 259.680132 1.500000
16.957779 185.342700 1.500000
-164.693277 285.549532 1.500000
-47.868361 241.169082 1.500000
-153.694236 220.756106 1.500000
-181.437353 269.711941 1.500000
-101.809347 61.765853 1.500000
48.734200 369.658327 1.500000
-130.919991 154.514801 1.500000
-64.786975 111.947244 1.500000
14.381176 319.436049 1.500000
-20.692793 111.109165 1.500000
-166.896228 396.805089 1.500000
-215.621797 187.793216 1.500000
-223.819421 142.202830 1.500000
-51.772968 49.466690 1.500000
143.122784 44.615842 1.500000
-172.876007 57.385278 1.500000
171.105934 26.466943 1.500000
130.177542 149.889437 1.500000
-237.119025 138.171506 1.500000
-229.168127 183.853662 1.500000
-136.372426 114.646721 1.500000
-212.479465 48.252006 1.500000
37.208015 52.201172 1.500000
-221.148410 93.827524 1.500000
178.556377 141.837541 1.500000
17.644153 81.528662 1.500000
140.902284 163.926734 1.500000
155.052253 372.068196 1.500000
26.912917 123.471612 1.500000
243.883459 89.256289 1.500000
284.573809 279.302023 1.500000
-51.600080 211.056761 1.500000
-169.531373 38.456393 1.500000
-48.278753 319.604333 1.500000
-122.478684 298.685578 1.500000
37.896530 392.506290 1.500000
-39.177529 379.610293 1.500000
12.839677 252.284260 1.500000
164.246600 286.740737 1.500000
-91.183144 174.243253 1.500000
40.596480 365.437033 1.500000
-61.951122 235.115954 1.500000
174.895623 150.171897 1.500000
97.912448 30.923555 1.500000
-237.157316 250.078903 1.500000
106.105328 224.116240 1.500000
-152.456451 327.807793 1.500000
139.467578 97.847007 1.500000
55.987486 329.434495 1.500000
-29.170216 37.642576 1.500000
122.988208 246.577715 1.500000
212.179558 175.766358 1.500000
170.036255 149.284386 1.500000
47.448126 190.666590 1.500000
139.520927 112.021010 1.500000
-22.101543 93.492199 1.500000
174.539680 331.061465 1.500000
198.703837 112.430642 1.500000
-169.345270 303.749717 1.500000
-113.828074 292.135429 1.500000
-102.040223 45.960188 1.500000
-150.717871 361.865235 1.500000
-35.247689 325.954015 1.500000
-141.394221 329.676689 1.500000
69.946140 332.140417 1.500000
-190.465448 244.823096 1.500000
-99.602178 392.691843 1.500000
114.721065 90.261607 1.500000
-32.334048 60.178272 1.500000
-24.959746 295.161169 1.500000
181.065660 137.762603 1.500000
274.910759 250.811585 1.500000
59.756095 175.885715 1.500000
-199.952208 151.233058 1.500000
-186.955501 364.997248 1.500000
273.411762 76.604771 1.500000
119.302355 96.152793 1.500000
152.286128 280.652447 1.500000
112.322961 327.008233 1.500000
-151.074664 337.937807 1.500000
3.646690 110.506101 1.500000
177.462883 361.777639 1.500000
219.528240 252.260688 1.500000
-116.918007 332.960421 1.500000
70.345513 53.044353 1.500000
-157.519528 167.127291 1.500000
263.454428 221.594434 1.500000
-105.083438 242.653857 1.500000
144.860366 64.087841 1.500000
-120.369344 227.918643 1.500000
79.848750 271.809745 1.500000
103.338165 165.046777 1.500000
-74.185569 215.612497 1.500000
190.159487 137.739887 1.500000
225.995823 353.909447 1.500000
206.641716 256.683588 1.500000
-69.880691 232.575223 1.500000
151.695133 378.923811 1.500000
52.478110 281.892347 1.500000
71.190391 125.243425 1.500000
10.044238 267.709011 1.500000
76.595955 388.432182 1.500000
-170.577639 34.966036 1.500000
-26.443680 257.805542 1.500000
-152.394441 81.957030 1.500000
-92.943091 336.852536 1.500000
-172.745245 271.923925 1.500000
-128.938696 378.127689 1.500000
177.278878 275.859411 1.500000
49.776915 27.567418 1.500000
-228.353009 221.496844 1.500000
176.514845 369.827093 1.500000
245.063163 105.506979 1.500000
224.186395 50.389363 1.500000
186.515819 298.012554 1.500000
283.608252 216.518530 1.500000
65.911733 42.931933 1.500000
260.937684 131.775012 1.500000
264.558464 148.773284 1.500000
-70.894852 278.084162 1.500000
211.760310 201.374749 1.500000
174.401220 209.913180 1.500000
168.794650 328.242991 1.500000
229.122459 129.036412 1.500000
-38.370852 274.178831 1.500000
-31.748317 164.360123 1.500000
95.608538 186.435735 1.500000
144.087631 234.855548 1.500000
225.544319 287.410564 1.500000
224.624997 386.237714 1.500000
139.327197 130.841478 1.500000
263.596621 70.718148 1.500000
-144.357549 194.723766 1.500000
260.259298 232.550439 1.500000
-201.336050 108.848361 1.500000
48.386958 360.303019 1.500000
-190.243541 329.063322 1.500000
58.514123 216.708712 1.500000
-38.211067 192.818632 1.500000
-190.608577 42.547995 1.500000
108.213316 226.292049 1.500000
144.197095 250.400975 1.500000
-147.251301 361.809504 1.500000
124.043154 216.332240 1.500000
-146.955233 91.813475 1.500000
-171.361549 95.684636 1.500000
-166.554820 85.364926 1.500000
80.759239 378.177119 1.500000
169.773896 324.715968 1.500000
74.227718 334.492419 1.500000
183.556454 343.428005 1.500000
71.792808 55.225613 1.500000
175.139719 290.297162 1.500000
271.724083 291.348289 1.500000
-37.998966 107.639359 1.500000
-157.476941 210.112632 1.500000
-173.973054 279.319036 1.500000
70.845883 368.019313 1.500000
41.705996 66.431307 1.500000
-145.961699 364.076257 1.500000
222.932331 369.394202 1.500000
266.562622 373.451314 1.500000
-107.622325 28.949421 1.500000
-132.593832 114.262078 1.500000
-126.754598 290.391446 1.500000
-37.592138 148.255057 1.500000
216.329253 46.710002 1.500000
71.811447 317.895245 1.500000
-203.512700 36.185004 1.500000
11.283350 195.787925 1.500000
-194.614542 382.999781 1.500000
-25.868325 198.238780 1.500000
-29.286027 368.094026 1.500000
102.004017 183.247680 1.500000
49.389872 156.765800 1.500000
220.018340 68.591913 1.500000
-235.231326 166.180994 1.500000
172.957107 147.357658 1.500000
-226.643111 345.117284 1.500000
-84.818935 370.265896 1.500000
221.763555 36.033592 1.500000
118.629650 65.520875 1.500000
-147.452149 267.314720 1.500000
18.117654 207.461882 1.500000
139.937422 138.875030 1.500000
250.880578 120.517597 1.500000
92.844192 112.065549 1.500000
-224.978265 221.908730 1.500000
26.047692 35.221065 1.500000
-157.225829 300.804035 1.500000
-219.826221 137.883709 1.500000
74.369334 184.960632 1.500000
169.665694 224.070572 1.500000
-223.547024 110.179446 1.500000
167.440741 361.845512 1.500000
127.892091 281.926629 1.500000
160.270568 352.816082 1.500000
-115.001383 208.183775 1.500000
-32.868633 185.842498 1.500000
-177.727881 115.829461 1.500000
-114.963204 229.848175 1.500000
-81.802814 249.352715 1.500000
-69.707034 187.039244 1.500000
-148.028544 79.190537 1.500000
-142.810673 132.230833 1.500000
234.665662 38.402802 1.500000
168.745469 148.460550 1.500000
-57.456240 244.942978 1.500000
256.790415 389.903052 1.500000
-116.355241 90.119170 1.500000
-24.505910 51.891320 1.500000
186.964639 135.790701 1.500000
-8.100392 92.002411 1.500000
-113.245886 286.271509 1.500000
-49.131218 30.586496 1.500000
24.912220 391.228645 1.500000
89.435199 348.107307 1.500000
-23.183811 208.021796 1.500000
-6.618619 369.010404 1.500000
-103.231798 266.628822 1.500000
39.052610 397.083024 1.500000
-122.287442 129.062554 1.500000
219.452268 399.394109 1.500000
150.965553 97.750076 1.500000
-22.768857 162.613409 1.500000
161.437041 382.563180 1.500000
-236.338479 163.651734 1.500000
-56.107510 109.525462 1.500000
-3.678896 46.458365 1.500000
14.639853 80.281098 1.500000
154.793557 158.144661 1.500000
270.579989 183.117937 1.500000
-42.539711 230.493134 1.500000
-55.584593 330.380845 1.500000
79.911739 32.183124 1.500000
-97.843363 335.437989 1.500000
-170.690445 244.557670 1.500000
267.443828 308.115800 1.500000
187.431102 309.565399 1.500000
261.426831 364.717070 1.500000
-120.922034 64.439639 1.500000
-234.286529 243.227140 1.500000
-9.238395 368.351076 1.500000
250.194889 295.199671 1.500000
-167.153915 65.165899 1.500000
-175.914550 263.087102 1.500000
-201.744701 327.649777 1.500000
164.758904 125.175379 1.500000
175.389407 262.573732 1.500000
122.133275 344.678684 1.500000
-208.862532 222.437095 1.500000
137.473426 97.005867 1.500000
-4.340619 230.782703 1.500000
-158.220732 248.199291 1.500000
-83.829691 173.580306 1.500000
22.187192 282.328818 1.500000
-67.169318 189.928396 1.500000
275.334083 355.586889 1.500000
5.846702 321.495530 1.500000
-44.314832 332.631290 1.500000
110.909687 220.599258 1.500000
104.359844 100.914004 1.500000
-240.337582 301.493202 1.500000
85.558828 52.875383 1.500000
-115.906356 225.088710 1.500000
-38.808775 42.985698 1.500000
131.949815 223.107032 1.500000
53.678708 283.424250 1.500000
-43.661431 194.210869 1.500000
-155.908464 184.997683 1.500000
24.079914 74.774659 1.500000
-71.601480 142.096116 1.500000
235.260852 194.020632 1.500000
36.165441 354.869426 1.500000
213.344857 359.074633 1.500000
-38.232857 386.459870 1.500000
194.483060 65.487637 1.500000
-208.989492 141.068000 1.500000
-81.053850 197.338112 1.500000
-193.730205 264.920654 1.500000
-223.733734 288.108263 1.500000
244.135856 324.078218 1.500000
137.198133 214.830571 1.500000
89.899727 233.239731 1.500000
41.347918 394.004979 1.500000
62.441158 117.708415 1.500000
98.846974 329.567452 1.500000
196.621121 293.939487 1.500000
78.603771 81.996117 1.500000
154.057340 376.593807 1.500000
-94.167196 354.299650 1.500000
272.827181 316.416765 1.500000
-223.853243 69.551998 1.500000
-39.959403 76.826518 1.500000
222.441603 285.442040 1.500000
-148.666688 65.557842 1.500000
-164.855911 72.932442 1.500000
-46.785592 176.031807 1.500000
-20.092921 31.707264 1.500000
249.365161 295.710820 1.500000
205.563652 233.469334 1.500000
6.010810 59.989786 1.500000
273.539716 229.497392 1.500000
95.989579 48.278229 1.500000
220.723692 53.868653 1.500000
-110.770685 210.850611 1.500000
14.833831 218.561797 1.500000
-226.165419 157.047488 1.500000
-237.073703 262.186095 1.500000
126.793632 174.334551 1.500000
-181.997160 243.723441 1.500000
47.621806 158.069517 1.500000
123.740118 292.443990 1.500000
-224.260779 244.585963 1.500000
-8.780168 90.071197 1.500000
122.443186 284.917379 1.500000
234.569338 314.210857 1.500000
-79.636046 48.108751 1.500000
276.222233 257.938123 1.500000
206.402720 322.556336 1.500000
103.180969 71.974619 1.500000
-33.631392 362.447274 1.500000
131.495976 183.826753 1.500000
191.662100 305.660046 1.500000
-78.682355 367.458273 1.500000
281.246273 397.245232 1.500000
239.855360 248.727213 1.500000
13.318293 296.240342 1.500000
138.522053 114.427582 1.500000
38.009233 135.845151 1.500000
161.773898 341.483323 1.500000
194.579167 173.865140 1.500000
-229.148108 333.893286 1.500000
-198.130495 45.295183 1.500000
-68.609692 109.779803 1.500000
240.741765 93.221544 1.500000
-34.342441 225.762862 1.500000
227.194721 58.790814 1.500000
6.515173 152.728915 1.500000
-86.752933 401.103129 1.500000
232.542454 315.712872 1.500000
52.875756 317.514328 1.500000
-52.714207 81.372209 1.500000
-210.947357 166.007551 1.500000
-181.699407 289.485571 1.500000
-166.356663 29.170111 1.500000
-54.493584 192.243708 1.500000
76.032021 376.620950 1.500000
-78.447129 58.183697 1.500000
-207.315410 364.313521 1.500000
-100.450499 100.892344 1.500000
-24.705031 98.711903 1.500000
284.141607 97.983546 1.500000
-38.939354 377.013887 1.500000
-196.669612 249.910063 1.500000
65.465603 308.055676 1.500000
242.140290 167.336132 1.500000
173.123265 358.313095 1.500000
200.467197 247.945128 1.500000
246.373388 255.261901 1.500000
95.538293 312.739380 1.500000
285.369566 315.919722 1.500000
-222.611289 284.297805 1.500000
201.576104 74.486961 1.500000
204.573659 348.774407 1.500000
240.775918 120.554938 1.500000
14.215003 397.358798 1.500000
172.019512 166.291741 1.500000
-140.579228 68.483790 1.500000
76.982245 143.922394 1.500000
-51.473332 247.010751 1.500000
72.092586 172.572771 1.500000
121.044397 334.033286 1.500000
-56.659813 283.906827 1.500000
-129.142783 106.271156 1.500000
-75.207113 227.063874 1.500000
110.618391 321.316503 1.500000
113.425944 365.345682 1.500000
156.608709 170.973198 1.500000
-172.400640 369.664498 1.500000
192.496078 41.385233 1.500000
122.890089 279.488933 1.500000
-220.904335 325.649288 1.500000
-70.747580 186.114520 1.500000
1.892596 30.268535 1.500000
-47.280033 287.586847 1.500000
-173.986538 150.455915 1.500000
-134.823846 84.633241 1.500000
-232.855769 84.518451 1.500000
-190.806655 319.243802 1.500000
-98.607852 95.081043 1.500000
192.023611 209.315701 1.500000
36.889652 390.883739 1.500000
-22.289034 313.505207 1.500000
107.331483 231.798459 1.500000
44.225210 226.212713 1.500000
-172.707388 94.724173 1.500000
-128.827019 193.736015 1.500000
-121.369798 82.224639 1.500000
78.284478 64.778795 1.500000
0.438955 68.715020 1.500000
-36.735203 247.630664 1.500000
51.381170 97.344266 1.500000
269.208987 79.079804 1.500000
-73.356793 355.831301 1.500000
35.227135 72.114008 1.500000
15.921467 295.423948 1.500000
140.315667 185.345516 1.500000
143.827139 246.384424 1.500000
152.226475 31.563365 1.500000
-129.537359 27.957735 1.500000
-5.752352 338.375546 1.500000
187.328195 201.182986 1.500000
-45.324140 52.344165 1.500000
278.200224 156.871597 1.500000
-43.165211 217.462691 1.500000
30.152156 81.783047 1.500000
9.254771 234.415097 1.500000
-10.900681 226.823118 1.500000
206.914377 255.963667 1.500000
-152.607295 333.936890 1.500000
55.730677 182.043924 1.500000
93.477118 360.072820 1.500000
207.091724 208.206140 1.500000
77.047924 196.404763 1.500000
264.407011 273.201687 1.500000
216.647635 255.572581 1.500000
-55.381171 32.938126 1.500000
207.660650 400.193874 1.500000
264.965186 378.721585 1.500000
-102.867151 131.928388 1.500000
85.538192 235.401953 1.500000
-89.855653 319.886998 1.500000
106.085575 377.407176 1.500000
-192.828271 245.696970 1.500000
147.578268 26.435804 1.500000
-25.885317 286.290969 1.500000
68.684302 61.631598 1.500000
-225.554317 279.400915 1.500000
127.417655 250.598305 1.500000
16.203456 266.670238 1.500000
87.842666 95.834287 1.500000
-74.811871 211.300911 1.500000
-164.814083 260.674114 1.500000
-8.800524 142.186595 1.500000
256.252602 99.748846 1.500000
-120.049178 111.525032 1.500000
114.191519 349.198376 1.500000
-210.888039 204.077942 1.500000
141.338927 272.534171 1.500000
-115.665904 224.641544 1.500000
6.050637 341.267754 1.500000
-48.923200 217.288827 1.500000
-177.877380 58.685369 1.500000
-61.155413 102.893205 1.500000
-53.590312 30.590751 1.500000
36.766390 339.370294 1.500000
268.813028 271.262852 1.500000
6.852172 311.106821 1.500000
246.939289 294.063076 1.500000
0.344846 338.255282 1.500000
-182.483588 397.403077 1.500000
-118.098174 264.637799 1.500000
-25.804640 120.213802 1.500000
-74.143088 60.263805 1.500000
218.223563 245.452646 1.500000
117.173597 319.775087 1.500000
67.597727 232.900855 1.500000
19.112684 141.662896 1.500000
-30.882017 296.022801 1.500000
83.252191 193.077315 1.500000
-177.663394 131.449791 1.500000
-150.048964 344.212834 1.500000
-81.797393 244.893460 1.500000
-151.253831 128.029127 1.500000
120.200817 153.665571 1.500000
-226.548851 238.210981 1.500000
-156.673495 186.907865 1.500000
236.352379 83.357006 1.500000
286.412063 255.009528 1.500000
16.145510 282.172359 1.500000
23.365418 26.435804 1.500000
163.238278 228.060019 1.500000
-220.489305 240.392180 1.500000
-13.003359 152.460524 1.500000
-185.887895 155.364890 1.500000
-35.872901 154.209170 1.500000
277.510445 196.967409 1.500000
152.996370 335.805377 1.500000
282.392298 197.800803 1.500000
151.471245 394.846532 1.500000
83.508294 167.235725 1.500000
153.296842 295.193325 1.500000
108.010651 240.642469 1.500000
4.132856 311.510947 1.500000
-77.946697 359.304987 1.500000
37.199809 220.807591 1.500000
-100.834584 212.104024 1.500000
22.102434 381.022010 1.500000
-162.509506 380.030008 1.500000
57.185567 403.114324 1.500000
-111.775057 89.290640 1.500000
-84.696167 33.387445 1.500000
14.214947 185.628797 1.500000
-154.719957 305.893636 1.500000
267.276054 51.029492 1.500000
-5.377374 172.192859 1.500000
-59.367345 249.531079 1.500000
-225.407790 108.309298 1.500000
199.245256 299.612610 1.500000
94.641484 111.446253 1.500000
-21.768365 341.890173 1.500000
-117.191379 159.909890 1.500000
151.543756 253.145479 1.500000
260.377010 235.667027 1.500000
-39.217971 142.933374 1.500000
-172.033229 189.288580 1.500000
-184.854032 346.521286 1.500000
-237.846957 234.374427 1.500000
150.221692 47.089147 1.500000
272.833390 297.845046 1.500000
282.426023 96.634661 1.500000
168.736840 207.801533 1.500000
-152.060200 202.497985 1.500000
277.883844 208.637317 1.500000
-70.671530 35.935562 1.500000
-66.753503 128.782743 1.500000
120.447913 41.655993 1.500000
-214.595493 184.162729 1.500000
195.406873 264.692358 1.500000
286.377562 272.962891 1.500000
169.249314 53.588934 1.500000
176.071829 71.684765 1.500000
-34.558902 272.544884 1.500000
-209.520958 232.543977 1.500000
172.372163 333.096918 1.500000
79.122589 103.739374 1.500000
240.185217 69.460500 1.500000
-178.634808 167.547603 1.500000
-78.267082 267.053215 1.500000
-49.881274 217.155656 1.500000
120.879328 63.681789 1.500000
173.489137 51.007478 1.500000
269.045166 276.577630 1.500000
-86.306562 141.617286 1.500000
16.975360 276.111280 1.500000
-230.154956 136.264480 1.500000
-107.789481 148.696343 1.500000
-39.528859 108.628603 1.500000
71.077576 395.151950 1.500000
3.544471 31.127112 1.500000
-47.495989 69.100857 1.500000
86.442062 335.281817 1.500000
200.780233 80.769455 1.500000
-109.808338 134.790419 1.500000
-63.540519 126.492886 1.500000
130.459016 289.536976 1.500000
167.176538 179.207955 1.500000
190.958413 347.471579 1.500000
-130.240240 302.623511 1.500000
46.175797 225.084787 1.500000
233.497822 120.734129 1.500000
-35.426273 324.921711 1.500000
-20.515526 352.629698 1.500000
276.420108 339.887715 1.500000
-179.131726 47.537992 1.500000
127.312192 285.695671 1.500000
211.344291 291.162352 1.500000
-162.658055 382.967806 1.500000
136.581566 124.684855 1.500000
5.899442 322.650125 1.500000
205.393438 286.650196 1.500000
238.983492 352.150917 1.500000
217.449493 282.588146 1.500000
-208.921827 347.938904 1.500000
151.207218 160.054967 1.500000
248.984801 84.165472 1.500000
86.975935 165.009733 1.500000
79.493378 330.481754 1.500000
-214.770433 68.785801 1.500000
213.896805 271.707136 1.500000
-217.586957 402.056488 1.500000
-79.313875 367.160191 1.500000
249.648537 275.893904 1.500000
260.330931 324.770366 1.500000
280.746576 66.504726 1.500000
12.835293 214.155889 1.500000
-145.952240 225.751756 1.500000
18.603819 318.026316 1.500000
-189.511468 134.392506 1.500000
222.203353 65.770295 1.500000
54.911314 294.568394 1.500000
-24.009633 212.242772 1.500000
-195.540053 336.066197 1.500000
-24.818305 202.366250 1.500000
215.595161 351.494744 1.500000
132.309951 216.649230 1.500000
-193.571811 321.981545 1.500000
-154.286323 297.954219 1.500000
-33.081432 130.912340 1.500000
-184.802747 137.258776 1.500000
250.091170 369.131199 1.500000
107.798989 117.232342 1.500000
-195.435082 289.187759 1.500000
174.874614 82.339299 1.500000
-47.497764 309.775951 1.500000
-113.274732 105.488541 1.500000
60.817372 251.948328 1.500000
-236.670242 239.713945 1.500000
11.266267 103.897330 1.500000
200.080082 212.983761 1.500000
245.662623 355.816650 1.500000
-63.034064 287.256392 1.500000
98.661157 400.371789 1.500000
-117.814784 323.585675 1.500000
56.332475 267.995269 1.500000
-102.111535 241.732592 1.500000
58.142452 379.857018 1.500000
-147.906853 224.695089 1.500000
254.545723 181.736058 1.500000
227.530106 335.603000 1.500000
-59.539970 379.765629 1.500000
163.692508 204.995573 1.500000
-184.057789 79.252247 1.500000
149.211532 256.544184 1.500000
-96.372218 305.474845 1.500000
-170.966871 165.034484 1.500000
117.206317 308.073612 1.500000
5.053764 227.441544 1.500000
32.769586 139.414882 1.500000
34.141694 266.885569 1.500000
-211.188627 174.780041 1.500000
-211.319634 322.873167 1.500000
73.122025 26.435804 1.500000
95.067485 333.971000 1.500000
-213.947514 143.806415 1.500000
-40.404415 387.068438 1.500000
84.350982 313.306668 1.500000
100.104183 116.556772 1.500000
194.465506 395.825902 1.500000
-13.367939 218.820107 1.500000
47.496611 225.770201 1.500000
64.230413 365.145007 1.500000
-77.367338 367.404441 1.500000
-207.591546 290.264148 1.500000
-238.845480 398.500326 1.500000
196.335678 145.332238 1.500000
-127.129095 113.322582 1.500000
87.523768 44.575837 1.500000
63.329832 156.090588 1.500000
-32.356384 261.012412 1.500000
196.599919 138.994730 1.500000
124.365713 242.825597 1.500000
-229.978500 42.552821 1.500000
171.737845 155.976740 1.500000
21.017907 303.119260 1.500000
-53.762872 65.069764 1.500000
145.813847 296.134314 1.500000
122.574422 311.808366 1.500000
-76.356827 239.247390 1.500000
278.307712 364.544178 1.500000
105.639620 388.914606 1.500000
73.519312 38.722038 1.500000
-201.346256 283.521419 1.500000
-95.445029 110.865074 1.500000
-2.416942 180.998569 1.500000
90.003483 260.977409 1.500000
31.881088 293.610972 1.500000
156.944289 343.016110 1.500000
-107.107853 291.753379 1.500000
129.184177 315.324389 1.500000
194.111212 257.132376 1.500000
164.261074 73.381899 1.500000
167.292926 33.344756 1.500000
230.263776 220.711996 1.500000
-197.187494 288.595908 1.500000
128.740077 73.457244 1.500000
268.174297 187.621382 1.500000
60.890649 125.221274 1.500000
-126.435840 237.201388 1.500000
284.119047 172.607689 1.500000
-148.524532 101.555285 1.500000
-64.346358 28.814829 1.500000
-151.826880 147.817006 1.500000
3.922602 218.096200 1.500000
-19.228994 373.650846 1.500000
15.123793 111.876492 1.500000
249.729713 214.128347 1.500000
10.138578 237.353652 1.500000
31.336264 270.523502 1.500000
224.726010 151.392189 1.500000
193.567637 68.418774 1.500000
-111.195740 372.061515 1.500000
-236.677006 385.426653 1.500000
92.826102 185.905969 1.500000
209.025577 246.130362 1.500000
48.031482 34.641350 1.500000
-131.707077 43.296217 1.500000
152.376127 56.742417 1.500000
108.420462 306.258723 1.500000
54.960568 107.668913 1.500000
211.380445 98.318961 1.500000
175.004252 29.458922 1.500000
109.428656 38.862353 1.500000
108.970001 183.520047 1.500000
106.232448 235.292638 1.500000
39.738301 240.281701 1.500000
1.454819 200.127966 1.500000
129.221408 194.810463 1.500000
76.899792 314.032639 1.500000
19.840484 139.841966 1.500000
-171.321163 118.913153 1.500000
133.148822 346.967577 1.500000
96.159016 287.699416 1.500000
-60.751982 204.404416 1.500000
-45.362582 130.216196 1.500000
-111.283604 77.606616 1.500000
264.660712 34.536536 1.500000
212.710151 345.075009 1.500000
56.784647 256.763955 1.500000
-27.227230 43.438714 1.500000
145.941570 86.652952 1.500000
35.887941 131.715647 1.500000
272.802223 124.297648 1.500000
-213.492024 233.111232 1.500000
-225.981873 175.676608 1.500000
64.601924 351.899000 1.500000
-134.481097 299.781045 1.500000
76.928692 374.327809 1.500000
170.319461 347.948513 1.500000
-167.829844 372.257219 1.500000
-6.943077 400.084930 1.500000
121.021984 141.530948 1.500000
202.317818 106.581135 1.500000
22.904939 101.625913 1.500000
-132.318949 264.920047 1.500000
66.233264 283.147808 1.500000
2.333902 62.167432 1.500000
165.787736 338.046079 1.500000
48.583659 319.413358 1.500000
-90.088504 257.959106 1.500000
154.859635 192.303409 1.500000
34.990975 86.546776 1.500000
-154.357802 215.989023 1.500000
55.154577 91.327046 1.500000
262.669578 258.652525 1.500000
131.308250 145.516413 1.500000
-81.148612 118.754896 1.500000
131.408818 186.297606 1.500000
-90.431692 244.654778 1.500000
45.534827 159.343050 1.500000
37.776552 382.333231 1.500000
-103.906685 30.598792 1.500000
-53.177515 373.807863 1.500000
258.332144 26.435804 1.500000
-105.921034 107.296899 1.500000
178.875661 401.687430 1.500000
109.785947 299.816479 1.500000
35.626879 265.068958 1.500000
-171.710429 303.932507 1.500000
-135.239612 176.179538 1.500000
-146.148556 315.983171 1.500000
65.081059 80.647922 1.500000
272.274160 326.922041 1.500000
221.285799 379.533712 1.500000
-230.438848 347.197277 1.500000
-91.575419 306.633145 1.500000
-161.475848 272.793531 1.500000
276.952349 215.798065 1.500000
-122.992803 176.860626 1.500000
-134.722633 356.052617 1.500000
83.115384 269.949996 1.500000
50.670139 189.548666 1.500000
-115.939930 327.731611 1.500000
111.735969 44.686069 1.500000
-192.552714 332.223378 1.500000
-228.672026 332.802839 1.500000
-197.992861 112.663246 1.500000
-47.691234 39.809030 1.500000
270.508559 295.541933 1.500000
45.328931 106.429991 1.500000
154.851082 403.114324 1.500000
-68.594509 29.670480 1.500000
137.893526 110.401687 1.500000
265.453240 40.086793 1.500000
-51.401702 324.096060 1.500000
286.155059 239.637999 1.500000
97.665441 353.232438 1.500000
152.537275 388.936230 1.500000
-107.741293 252.117322 1.500000
99.675288 114.278298 1.500000
25.806720 58.932740 1.500000
266.105840 351.480772 1.500000
236.249009 114.232387 1.500000
-34.693470 362.289118 1.500000
255.100456 350.899964 1.500000
225.438920 261.118451 1.500000
68.996224 251.466135 1.500000
-194.818183 383.084756 1.500000
-156.501635 308.917856 1.500000
-198.934961 283.915263 1.500000
-185.998110 193.234001 1.500000
274.202746 209.829459 1.500000
-124.631925 176.831814 1.500000
123.125439 381.399019 1.500000
93.294559 267.775749 1.500000
89.526336 321.474349 1.500000
-131.512635 43.903100 1.500000
69.060975 345.335147 1.500000
85.073738 186.117677 1.500000
59.973463 301.536353 1.500000
-147.418184 39.802719 1.500000
139.303064 362.062663 1.500000
-200.968464 276.344985 1.500000
66.335689 195.505502 1.500000
-11.872562 137.936658 1.500000
-107.627649 141.656727 1.500000
185.347695 140.864690 1.500000
-146.669360 72.981683 1.500000
248.186439 201.934809 1.500000
226.477055 196.180876 1.500000
-52.198244 183.577212 1.500000
-77.456296 291.465126 1.500000
-174.848474 189.827449 1.500000
241.468941 60.325031 1.500000
90.511233 343.733193 1.500000
-219.547295 185.923867 1.500000
29.091569 273.331255 1.500000
-194.578159 373.981765 1.500000
63.011858 320.055886 1.500000
31.517084 228.459952 1.500000
-197.844140 229.799975 1.500000
185.207393 346.980521 1.500000
-106.945744 333.961775 1.500000
46.881700 96.629491 1.500000
96.945540 264.721362 1.500000
265.786962 352.924171 1.500000
18.019268 330.799116 1.500000
243.400673 71.914636 1.500000
-52.787434 186.043773 1.500000
212.756649 220.666260 1.500000
-119.442201 122.042580 1.500000
127.034215 276.279020 1.500000
-196.401826 202.646537 1.500000
275.010706 134.809819 1.500000
257.939300 150.164049 1.500000
-2.692496 353.124301 1.500000
28.844102 354.250482 1.500000
75.949228 335.335182 1.500000
-92.740650 372.199324 1.500000
117.902401 388.398243 1.500000
128.461371 211.777599 1.500000
40.206003 67.408997 1.500000
-157.165025 324.111192 1.500000
242.936594 264.832788 1.500000
-178.395210 166.693797 1.500000
94.906017 397.623293 1.500000
-188.621578 155.270625 1.500000
-164.113809 371.882113 1.500000
-231.396497 245.439235 1.500000
-47.552746 38.430737 1.500000
90.868009 345.153710 1.500000
38.695531 314.628514 1.500000
116.577066 267.162655 1.500000
116.998187 260.204339 1.500000
-173.591054 108.961397 1.500000
-213.255542 100.837565 1.500000
93.541004 32.443296 1.500000
103.215871 84.743317 1.500000
47.733721 154.578235 1.500000
-110.217424 223.466403 1.500000
188.770182 75.458144 1.500000
-198.875523 233.409062 1.500000
92.281213 122.292195 1.500000
-173.504157 120.132465 1.500000
102.286484 383.876583 1.500000
-18.680405 398.111043 1.500000
138.328000 326.128863 1.500000
-213.244617 47.270993 1.500000
50.915195 299.843628 1.500000
-165.053977 90.830088 1.500000
119.203460 239.925763 1.500000
-178.029158 362.034967 1.500000
-199.378383 169.779370 1.500000
133.691643 375.566846 1.500000
-202.167285 293.760630 1.500000
-123.808059 139.674667 1.500000
196.851632 64.648156 1.500000
189.055097 338.315334 1.500000
210.070444 198.931541 1.500000
-68.334301 51.953040 1.500000
35.624629 60.969257 1.500000
165.471647 392.608432 1.500000
-167.521160 115.261937 1.500000
141.099649 397.572579 1.500000
-185.437429 291.351506 1.500000
239.353082 138.985260 1.500000
94.183137 165.982848 1.500000
14.516624 321.090847 1.500000
16.923964 196.743642 1.500000
-143.145531 50.655989 1.500000
-55.194483 118.696007 1.500000
145.774859 344.962267 1.500000
46.971118 284.307045 1.500000
40.967621 216.084702 1.500000
-135.661670 121.958875 1.500000
125.602800 205.004576 1.500000
-39.359749 324.926558 1.500000
-147.371698 60.464613 1.500000
253.011118 403.114324 1.500000
30.428997 348.422987 1.500000
35.456656 143.616319 1.500000
274.731136 357.524080 1.500000
-47.313308 284.585665 1.500000
252.667190 279.203403 1.500000
126.855739 77.077922 1.500000
86.754147 369.581026 1.500000
-120.390294 192.786427 1.500000
-212.478851 329.736172 1.500000
-13.460009 139.595294 1.500000
-231.082692 142.810205 1.500000
-202.798196 392.157090 1.500000
76.646785 210.456319 1.500000
142.351449 51.026127 1.500000
-151.906647 341.290500 1.500000
142.517064 109.653817 1.500000
262.717598 353.478012 1.500000
152.453918 377.305048 1.500000
179.264825 53.636846 1.500000
131.247722 244.759481 1.500000
-123.149424 392.723829 1.500000
-49.370668 380.359189 1.500000
260.954867 227.316921 1.500000
111.443730 285.218474 1.500000
179.246526 253.865234 1.500000
269.436038 105.250747 1.500000
-122.074829 269.934498 1.500000
-76.450760 152.575776 1.500000
95.892811 153.579599 1.500000
-229.282620 185.437464 1.500000
65.064870 341.993049 1.500000
190.197251 121.824622 1.500000
84.093728 125.759231 1.500000
-81.048078 26.435804 1.500000
138.961808 86.555647 1.500000
-167.961423 390.622332 1.500000
227.964439 190.116885 1.500000
-193.285081 93.362970 1.500000
211.164200 389.310906 1.500000
20.365516 35.187245 1.500000
-14.047814 212.281107 1.500000
23.792194 334.517578 1.500000
-136.947893 322.615422 1.500000
2.454978 101.184660 1.500000
205.240710 293.292224 1.500000
181.595441 262.003449 1.500000
-157.781771 281.948162 1.500000
117.652681 123.130817 1.500000
211.063647 335.259812 1.500000
193.511179 239.158734 1.500000
-19.784424 301.766638 1.500000
-214.481423 373.508549 1.500000
251.872582 350.041498 1.500000
-37.936840 324.142448 1.500000
-46.688975 135.494536 1.500000
155.988371 45.305526 1.500000
-100.657611 238.804796 1.500000
204.728699 35.133683 1.500000
-197.412740 295.918749 1.500000
145.361966 303.276440 1.500000
267.857584 237.726060 1.500000
286.412063 94.361789 1.500000
243.825711 352.533513 1.500000
217.256566 249.869426 1.500000
-94.601170 225.466869 1.500000
270.554216 239.299151 1.500000
243.820645 57.856452 1.500000
43.021277 304.817260 1.500000
-30.411718 51.446014 1.500000
-182.815106 238.137075 1.500000
70.104095 89.581249 1.500000
130.474048 104.835997 1.500000
-27.595646 111.303059 1.500000
-22.140352 32.855206 1.500000
64.622277 364.731471 1.500000
-228.088287 330.729769 1.500000
268.313832 43.558572 1.500000
-86.671635 46.601160 1.500000
-165.613720 322.824426 1.500000
-234.901944 30.426588 1.500000
207.906287 202.390772 1.500000
210.218282 70.252572 1.500000
-190.060037 250.155666 1.500000
-161.963435 398.886062 1.500000
1.815915 93.484401 1.500000
-144.810943 385.299938 1.500000
147.376682 351.474729 1.500000
-209.189273 397.040122 1.500000
52.915436 317.248479 1.500000
-41.685944 352.484088 1.500000
-0.263383 249.929501 1.500000
-12.413617 352.472567 1.500000
-159.419480 62.298640 1.500000
-121.875160 303.671570 1.500000
-203.630058 260.422178 1.500000
-176.520920 49.912269 1.500000
273.634578 135.950428 1.500000
-94.906784 105.112085 1.500000
-84.600759 179.514803 1.500000
-176.369072 100.948280 1.500000
157.631348 122.336959 1.500000
244.350126 141.267759 1.500000
172.240530 255.404356 1.500000
82.508853 76.526093 1.500000
192.061393 118.311253 1.500000
-27.577498 144.922851 1.500000
209.003886 190.776706 1.500000
184.099212 47.274145 1.500000
-240.337582 403.114324 1.500000
21.045920 142.408828 1.500000
-101.740295 133.818807 1.500000
-194.605033 238.821566 1.500000
210.078562 344.020696 1.500000
-240.204581 197.769619 1.500000
141.125467 122.387623 1.500000
279.212623 237.708530 1.500000
13.146255 211.082026 1.500000
-36.860555 186.710261 1.500000
76.120528 397.672230 1.500000
179.623970 399.428675 1.500000
-116.592434 239.321103 1.500000
-107.584294 57.849060 1.500000
80.969328 240.507338 1.500000
252.622518 386.879500 1.500000
-83.071322 377.234864 1.500000
-36.046590 104.177101 1.500000
283.005887 97.652002 1.500000
-146.549649 83.298244 1.500000
-194.127662 328.856231 1.500000
68.221703 213.395935 1.500000
-229.845180 150.975215 1.500000
-146.703488 150.822587 1.500000
85.827151 127.903974 1.500000
101.597301 365.026054 1.500000
28.942719 179.917749 1.500000
-37.547611 124.115527 1.500000
62.616715 293.511904 1.500000
99.308047 265.637477 1.500000
183.670627 300.598414 1.500000
173.295179 333.296314 1.500000
110.711905 64.718241 1.500000
232.374650 28.803530 1.500000
196.300618 46.694388 1.500000
-165.760946 292.798711 1.500000
259.885585 378.157601 1.500000
225.972644 153.695417 1.500000
-70.683438 321.225227 1.500000
-228.101350 304.003082 1.500000
80.139547 396.026277 1.500000
-7.718302 205.724060 1.500000
152.937282 92.392613 1.500000
36.320841 313.751790 1.500000
-200.996283 338.186630 1.500000
-110.925793 292.390106 1.500000
224.736863 347.375817 1.500000
-221.999274 165.264718 1.500000
146.661251 284.294531 1.500000
-92.113056 126.947923 1.500000
0.580664 193.742883 1.500000
40.262013 118.161011 1.500000
-115.527356 87.687974 1.500000
105.461831 44.435942 1.500000
124.773777 280.225004 1.500000
-198.342997 359.389325 1.500000
-46.447903 144.339418 1.500000
149.698230 183.430076 1.500000
136.990170 26.435804 1.500000
44.140472 181.362202 1.500000
174.404235 134.790584 1.500000
-182.522295 242.146008 1.500000
-171.961808 372.212352 1.500000
106.671889 222.587549 1.500000
126.613584 278.229622 1.500000
186.072034 298.550618 1.500000
-145.480556 78.949398 1.500000
31.626666 162.528011 1.500000
109.615346 68.954730 1.500000
-122.652362 191.757051 1.500000
33.007970 360.633204 1.500000
96.909691 205.193535 1.500000
-128.284951 202.763501 1.500000
-43.726762 103.207476 1.500000
-128.388170 141.594455 1.500000
238.534183 375.094992 1.500000
-116.511150 138.375644 1.500000
-175.701293 299.832686 1.500000
-222.289199 40.007574 1.500000
-213.470504 74.241801 1.500000
-145.383864 140.418594 1.500000
80.944945 370.765239 1.500000
-234.805248 108.579858 1.500000
-88.123217 301.306991 1.500000
-210.137832 92.124046 1.500000
-32.145551 263.355051 1.500000
-213.736883 250.211042 1.500000
80.357378 259.966726 1.500000
121.595992 131.051810 1.500000
144.580516 88.510805 1.500000
-121.680243 363.542834 1.500000
220.679230 241.358899 1.500000
122.328484 106.503559 1.500000
-207.458003 182.768434 1.500000
-8.276226 46.098370 1.500000
167.965082 205.939182 1.500000
-77.279741 188.303179 1.500000
-41.350606 76.293877 1.500000
88.012981 197.191847 1.500000
-211.214494 270.804558 1.500000
266.615588 374.666515 1.500000
-144.216306 292.635930 1.500000
-228.901753 215.820653 1.500000
-239.603773 310.411922 1.500000
-28.129208 131.319851 1.500000
228.999940 275.258764 1.500000
193.664938 28.744582 1.500000
243.258272 55.812508 1.500000
40.591417 260.930405 1.500000
-4.159038 96.264989 1.500000
-31.050176 286.567344 1.500000
-210.816071 273.618198 1.500000
240.895024 43.900821 1.500000
24.342818 174.979283 1.500000
1.944624 255.709212 1.500000
27.408785 293.910763 1.500000
177.864072 333.523108 1.500000
-117.607194 149.874377 1.500000
135.763366 343.414176 1.500000
133.869357 159.150466 1.500000
211.690318 26.435804 1.500000
-234.655594 260.050932 1.500000
-148.315051 120.855009 1.500000
8.909774 71.467295 1.500000
209.307752 123.902957 1.500000
269.875389 341.945991 1.500000
76.908272 373.819956 1.500000
-124.306216 392.758373 1.500000
-144.460932 141.628929 1.500000
97.555827 200.482956 1.500000
-125.870707 332.956454 1.500000
50.606344 145.153061 1.500000
195.472617 172.832834 1.500000
-37.726165 109.372237 1.500000
-43.496228 237.294756 1.500000
-222.675209 276.267359 1.500000
-108.737305 148.343095 1.500000
130.521840 34.401065 1.500000
-51.332094 301.817231 1.500000
-153.170378 257.628055 1.500000
-188.015346 109.503551 1.500000
-191.328217 138.015646 1.500000
107.173552 388.356791 1.500000
84.792549 263.917167 1.500000
36.224054 251.481772 1.500000
21.594245 267.022376 1.500000
-156.692544 381.805298 1.500000
18.309837 151.158831 1.500000
-206.151386 136.821275 1.500000
243.334837 166.418729 1.500000
-208.431657 330.559568 1.500000
-13.855643 68.751320 1.500000
-237.375087 104.297237 1.500000
168.849349 111.088937 1.500000
-154.149191 265.283004 1.500000
249.012401 267.086339 1.500000
-215.107434 170.849182 1.500000
192.839648 136.253959 1.500000
98.941331 311.409867 1.500000
-105.195234 37.148425 1.500000
-129.584343 300.714749 1.500000
-51.439638 101.447291 1.500000
196.709076 370.840599 1.500000
